/*
 Navicat Premium Data Transfer

 Source Server         : local_judge
 Source Server Type    : MySQL
 Source Server Version : 50716
 Source Host           : 127.0.0.1
 Source Database       : goshop_user

 Target Server Type    : MySQL
 Target Server Version : 50716
 File Encoding         : utf-8

 Date: 12/20/2017 02:18:21 AM
*/

SET NAMES utf8mb4;
SET FOREIGN_KEY_CHECKS = 0;

-- ----------------------------
--  Table structure for `gs_member`
-- ----------------------------
DROP TABLE IF EXISTS `gs_member`;
CREATE TABLE `gs_member` (
  `member_id` bigint(20) NOT NULL AUTO_INCREMENT COMMENT '会员id',
  `user_id` bigint(20) NOT NULL COMMENT '用户id',
  `member_truename` varchar(20) DEFAULT NULL COMMENT '真实姓名',
  `member_avatar` varchar(500) DEFAULT NULL COMMENT '会员头像',
  `member_sex` tinyint(1) DEFAULT '0' COMMENT '会员性别',
  `member_birthday` date DEFAULT NULL COMMENT '生日',
  `member_email` varchar(100) NOT NULL COMMENT '会员邮箱',
  `member_qq` varchar(100) DEFAULT NULL COMMENT 'qq',
  `member_ww` varchar(100) DEFAULT NULL COMMENT '阿里旺旺',
  `member_time` timestamp NULL DEFAULT CURRENT_TIMESTAMP COMMENT '会员注册时间',
  `member_qqopenid` varchar(100) DEFAULT NULL COMMENT 'qq互联id',
  `member_qqinfo` text COMMENT 'qq账号相关信息',
  `member_points` int(11) NOT NULL DEFAULT '0' COMMENT '会员积分',
  `available_predeposit` decimal(10,2) unsigned NOT NULL DEFAULT '0.00' COMMENT '预存款可用金额',
  `freeze_predeposit` decimal(10,2) unsigned NOT NULL DEFAULT '0.00' COMMENT '预存款冻结金额',
  `inform_allow` tinyint(1) NOT NULL DEFAULT '1' COMMENT '是否允许举报(1可以/2不可以)',
  `is_buy` tinyint(1) NOT NULL DEFAULT '1' COMMENT '会员是否有购买权限 1为开启 0为关闭',
  `is_allowtalk` tinyint(1) NOT NULL DEFAULT '1' COMMENT '会员是否有咨询和发送站内信的权限 1为开启 0为关闭',
  `member_state` tinyint(1) NOT NULL DEFAULT '1' COMMENT '会员的开启状态 1为开启 0为关闭',
  `member_credit` int(11) NOT NULL DEFAULT '0' COMMENT '会员信用',
  `member_areaid` int(11) DEFAULT NULL COMMENT '地区ID',
  `member_cityid` int(11) DEFAULT NULL COMMENT '城市ID',
  `member_provinceid` int(11) DEFAULT NULL COMMENT '省份ID',
  `member_privacy` varchar(255) DEFAULT NULL COMMENT '隐私设定',
  `member_areainfo` varchar(255) DEFAULT NULL COMMENT '地区内容',
  PRIMARY KEY (`member_id`),
  KEY `member_name` (`user_id`)
) ENGINE=InnoDB AUTO_INCREMENT=48 DEFAULT CHARSET=utf8 COMMENT='会员表';

-- ----------------------------
--  Records of `gs_member`
-- ----------------------------
BEGIN;
INSERT INTO `gs_member` VALUES ('7', '0', '彭树洞', '', '2', null, 'feng@shopnc.com', '46140184', 'www', '2016-03-06 09:36:04', '', '', '240', '0.00', '0.00', '2', '0', '0', '0', '0', null, null, null, null, null), ('13', '61', '', '', '0', null, 'pzh@126.com', '', '', '2016-06-18 22:53:38', null, null, '0', '0.00', '0.00', '1', '1', '1', '1', '0', null, null, null, null, null), ('14', '63', '', null, '2', null, 'rrr@qq.com', '', '', '2017-11-08 18:15:18', null, null, '0', '0.00', '0.00', '1', '1', '1', '1', '0', null, null, null, '{\"email\":0,\"truename\":0,\"sex\":0,\"birthday\":0,\"area\":0,\"qq\":0,\"ww\":0}', ''), ('46', '46', null, null, '0', null, 'aaa@qq.com', null, null, '2017-11-15 21:57:35', null, null, '0', '0.00', '0.00', '1', '1', '1', '1', '0', null, null, null, null, null), ('47', '65', null, null, null, null, 'ddd@qq.com', null, null, '2017-11-16 13:31:16', null, null, '0', '0.00', '0.00', '1', '1', '1', '1', '0', null, null, null, null, null);
COMMIT;

-- ----------------------------
--  Table structure for `gs_perm_res`
-- ----------------------------
DROP TABLE IF EXISTS `gs_perm_res`;
CREATE TABLE `gs_perm_res` (
  `perm_id` bigint(20) NOT NULL COMMENT 'gs_permission表主键',
  `res_id` bigint(20) NOT NULL COMMENT 'gs_res表主键',
  KEY `FK6494F768261DF063` (`res_id`),
  KEY `FK6494F768AE50A871` (`perm_id`)
) ENGINE=InnoDB DEFAULT CHARSET=utf8;

-- ----------------------------
--  Records of `gs_perm_res`
-- ----------------------------
BEGIN;
INSERT INTO `gs_perm_res` VALUES ('2', '4'), ('3', '5'), ('4', '6'), ('5', '7'), ('6', '8'), ('9', '11'), ('7', '9'), ('7', '12'), ('7', '13'), ('8', '10'), ('8', '14'), ('10', '15'), ('11', '16'), ('11', '17'), ('11', '18'), ('11', '19'), ('11', '20'), ('12', '21'), ('12', '22'), ('12', '23'), ('12', '24'), ('12', '25'), ('12', '26'), ('12', '27'), ('13', '28'), ('13', '29'), ('13', '30'), ('13', '31'), ('13', '32'), ('14', '33'), ('14', '34'), ('14', '35'), ('14', '36'), ('15', '37'), ('15', '38'), ('15', '39'), ('15', '40'), ('15', '41'), ('15', '42'), ('15', '43'), ('17', '52'), ('17', '53'), ('17', '54'), ('17', '55'), ('17', '56'), ('17', '57'), ('17', '58'), ('17', '59'), ('17', '60'), ('18', '61'), ('18', '62'), ('18', '63'), ('18', '64'), ('18', '65'), ('18', '66'), ('18', '67'), ('19', '68'), ('19', '69'), ('19', '70'), ('19', '71'), ('19', '72'), ('19', '73'), ('19', '74'), ('20', '75'), ('20', '76'), ('20', '77'), ('20', '78'), ('21', '79'), ('21', '80'), ('21', '81'), ('21', '82'), ('21', '83'), ('21', '84'), ('21', '85'), ('21', '86'), ('23', '94'), ('23', '95'), ('24', '96'), ('24', '97'), ('24', '98'), ('22', '87'), ('22', '88'), ('22', '89'), ('22', '90'), ('22', '91'), ('22', '92'), ('22', '93'), ('22', '99'), ('22', '100'), ('22', '101'), ('22', '102'), ('25', '103'), ('25', '104'), ('25', '105'), ('25', '106'), ('25', '107'), ('25', '108'), ('25', '109'), ('25', '110'), ('26', '111'), ('26', '112'), ('26', '113'), ('26', '114'), ('26', '115'), ('26', '116'), ('26', '117'), ('28', '119'), ('28', '120'), ('29', '125'), ('29', '126'), ('30', '127'), ('30', '128'), ('30', '129'), ('30', '130'), ('30', '131'), ('30', '132'), ('30', '133'), ('31', '134'), ('31', '135'), ('31', '136'), ('31', '137'), ('31', '138'), ('1', '1'), ('1', '2'), ('1', '3'), ('1', '139'), ('1', '140'), ('32', '141'), ('32', '142'), ('33', '143'), ('33', '144'), ('34', '145'), ('34', '146'), ('35', '147'), ('35', '148'), ('35', '149'), ('35', '150'), ('35', '151'), ('35', '152'), ('35', '153'), ('35', '154'), ('35', '155'), ('35', '156'), ('35', '157'), ('35', '158'), ('35', '159'), ('35', '160'), ('36', '161'), ('36', '162'), ('36', '163'), ('37', '164'), ('37', '165'), ('37', '166'), ('37', '167'), ('37', '168'), ('37', '169'), ('37', '170'), ('37', '171'), ('37', '172'), ('37', '173'), ('37', '174'), ('37', '175'), ('37', '176'), ('37', '177'), ('38', '178'), ('38', '179'), ('38', '180'), ('38', '181'), ('38', '182'), ('38', '183'), ('39', '184'), ('39', '185'), ('39', '186'), ('39', '187'), ('39', '188'), ('39', '189'), ('39', '190'), ('40', '191'), ('40', '192'), ('40', '193'), ('40', '194'), ('40', '195'), ('41', '196'), ('41', '197'), ('41', '198'), ('41', '199'), ('41', '200'), ('41', '201'), ('42', '202'), ('42', '203'), ('42', '204'), ('42', '205'), ('42', '206'), ('42', '207'), ('43', '208'), ('43', '210'), ('44', '209'), ('44', '211'), ('45', '212'), ('45', '213'), ('45', '214'), ('45', '215'), ('45', '216'), ('45', '217'), ('46', '218'), ('46', '219'), ('46', '220'), ('46', '221'), ('47', '222'), ('47', '223'), ('47', '224'), ('47', '225'), ('47', '226'), ('47', '227'), ('47', '228'), ('47', '229'), ('48', '230'), ('48', '231'), ('48', '232'), ('48', '233'), ('48', '234'), ('48', '235'), ('48', '236'), ('49', '237'), ('49', '238'), ('49', '239'), ('49', '240'), ('49', '241'), ('49', '242'), ('49', '243'), ('49', '244'), ('49', '245'), ('49', '246'), ('49', '247'), ('49', '248'), ('49', '249'), ('50', '250'), ('50', '251'), ('50', '252'), ('50', '253'), ('50', '254'), ('50', '255'), ('50', '256'), ('50', '257'), ('50', '258'), ('50', '259'), ('50', '260'), ('50', '261'), ('50', '262'), ('50', '263'), ('51', '264'), ('51', '265'), ('51', '266'), ('51', '267'), ('51', '268'), ('51', '270'), ('51', '271'), ('51', '272'), ('51', '273'), ('51', '274'), ('51', '275'), ('51', '277'), ('51', '278'), ('51', '279'), ('51', '280'), ('51', '281'), ('51', '282'), ('51', '283'), ('51', '284'), ('51', '285'), ('51', '286'), ('51', '287'), ('51', '288'), ('51', '289'), ('51', '290'), ('51', '291'), ('51', '292'), ('16', '44'), ('16', '45'), ('16', '46'), ('16', '47'), ('16', '48'), ('16', '49'), ('16', '50'), ('16', '51'), ('16', '269'), ('16', '276'), ('16', '299'), ('52', '293'), ('52', '294'), ('52', '295'), ('52', '296'), ('52', '297'), ('52', '298'), ('52', '300'), ('52', '301'), ('52', '302'), ('52', '303'), ('52', '304'), ('52', '305'), ('52', '306'), ('52', '307'), ('52', '308'), ('52', '309'), ('52', '310'), ('52', '311'), ('52', '312'), ('52', '313'), ('52', '314'), ('52', '315'), ('53', '316'), ('53', '317'), ('53', '318'), ('53', '319'), ('53', '320'), ('53', '321'), ('53', '322'), ('54', '323'), ('54', '324'), ('55', '325'), ('55', '326'), ('55', '327'), ('56', '328'), ('56', '329'), ('56', '330'), ('56', '331'), ('56', '332'), ('56', '333'), ('56', '334'), ('56', '335'), ('56', '336'), ('57', '337'), ('57', '338'), ('57', '339'), ('57', '340'), ('57', '341'), ('57', '342'), ('57', '343'), ('57', '344'), ('57', '345'), ('57', '346'), ('57', '347'), ('57', '348'), ('58', '349'), ('58', '350'), ('58', '351'), ('58', '352'), ('58', '353'), ('59', '354'), ('59', '355'), ('60', '356'), ('60', '357'), ('60', '358'), ('60', '359'), ('60', '360'), ('60', '361'), ('61', '362'), ('61', '363'), ('62', '364'), ('62', '365'), ('62', '366'), ('62', '367'), ('62', '368'), ('62', '369'), ('62', '370'), ('62', '371'), ('62', '372'), ('62', '373'), ('62', '374'), ('27', '118'), ('27', '121'), ('27', '122'), ('27', '123'), ('27', '124'), ('27', '375'), ('27', '376'), ('27', '377'), ('27', '378'), ('27', '379'), ('27', '380'), ('27', '381'), ('27', '382'), ('27', '383'), ('65', '392'), ('65', '393'), ('65', '394'), ('65', '395'), ('66', '396'), ('66', '397'), ('67', '398'), ('67', '399'), ('67', '400'), ('67', '401'), ('67', '402'), ('67', '403'), ('67', '404'), ('67', '405'), ('63', '384'), ('63', '385'), ('63', '386'), ('63', '387'), ('63', '388'), ('63', '390'), ('63', '391'), ('63', '406'), ('64', '389'), ('64', '407'), ('68', '408'), ('69', '409'), ('70', '410'), ('71', '411'), ('71', '412'), ('71', '413'), ('71', '414'), ('71', '415'), ('71', '416'), ('71', '417'), ('71', '418'), ('72', '419'), ('73', '420'), ('74', '421'), ('75', '422'), ('75', '423'), ('76', '424'), ('76', '425'), ('76', '426'), ('76', '427'), ('76', '428'), ('77', '429'), ('77', '430'), ('77', '431'), ('77', '432'), ('78', '433'), ('78', '434'), ('78', '435'), ('78', '436'), ('78', '437'), ('78', '438'), ('78', '439'), ('78', '440'), ('78', '441'), ('78', '442'), ('78', '443'), ('78', '444'), ('78', '445'), ('78', '446'), ('78', '447'), ('78', '448'), ('78', '449'), ('78', '450'), ('78', '451'), ('78', '452'), ('78', '453'), ('78', '454'), ('78', '455'), ('78', '456'), ('78', '457'), ('79', '458'), ('79', '459'), ('79', '460'), ('79', '461'), ('79', '462'), ('80', '463'), ('80', '464'), ('80', '465'), ('80', '466'), ('80', '467'), ('80', '468'), ('80', '469'), ('80', '470'), ('80', '471'), ('82', '473'), ('82', '474'), ('82', '475'), ('83', '478'), ('83', '484'), ('81', '472'), ('81', '476'), ('81', '477'), ('81', '479'), ('81', '480'), ('81', '481'), ('81', '482'), ('81', '483'), ('81', '485'), ('81', '486'), ('84', '487'), ('84', '488'), ('84', '489'), ('84', '490'), ('84', '491'), ('85', '492'), ('85', '493'), ('85', '494'), ('85', '495'), ('86', '496'), ('87', '497'), ('87', '498'), ('87', '499'), ('87', '500'), ('87', '501'), ('88', '502'), ('88', '503'), ('89', '504'), ('89', '505'), ('90', '506'), ('90', '507'), ('90', '508'), ('90', '509'), ('91', '510'), ('91', '511'), ('91', '512'), ('91', '513'), ('92', '514'), ('92', '515'), ('92', '516'), ('92', '517'), ('92', '518'), ('92', '519'), ('93', '520'), ('93', '521'), ('93', '522'), ('93', '523'), ('93', '524'), ('94', '525'), ('94', '526'), ('94', '527'), ('94', '528'), ('94', '529'), ('94', '530'), ('95', '531'), ('95', '532'), ('95', '533'), ('95', '534'), ('95', '535'), ('95', '536'), ('95', '537'), ('96', '538'), ('96', '539'), ('96', '540'), ('96', '541'), ('96', '542'), ('96', '543'), ('96', '544'), ('96', '545'), ('96', '546'), ('96', '547'), ('97', '548'), ('97', '549'), ('97', '550'), ('97', '551'), ('97', '552'), ('97', '553'), ('98', '554'), ('98', '555'), ('98', '556'), ('98', '557'), ('98', '558'), ('98', '559'), ('98', '560'), ('99', '561'), ('99', '562'), ('99', '563'), ('99', '564'), ('99', '565'), ('99', '566'), ('99', '567'), ('99', '568'), ('99', '569'), ('99', '570'), ('99', '571'), ('99', '572'), ('99', '573'), ('99', '574'), ('99', '575'), ('101', '578'), ('101', '579'), ('102', '581'), ('102', '582'), ('102', '583'), ('102', '584'), ('102', '585'), ('103', '594'), ('103', '595'), ('103', '596'), ('103', '597'), ('103', '598'), ('103', '599'), ('103', '600'), ('103', '601'), ('103', '602'), ('103', '603'), ('103', '604'), ('104', '605'), ('104', '606'), ('104', '607'), ('104', '608'), ('104', '609'), ('104', '610'), ('104', '611'), ('104', '612'), ('104', '613'), ('104', '614'), ('104', '615'), ('104', '616'), ('104', '617'), ('105', '687'), ('105', '688'), ('105', '689'), ('105', '690'), ('105', '691'), ('105', '692'), ('105', '693'), ('105', '694'), ('105', '695'), ('105', '696'), ('106', '705'), ('106', '706'), ('106', '707'), ('106', '708'), ('106', '711'), ('100', '576'), ('100', '577'), ('100', '580'), ('100', '586'), ('100', '587'), ('100', '588'), ('100', '589'), ('100', '590'), ('100', '591'), ('100', '592'), ('100', '593'), ('100', '618'), ('100', '619'), ('100', '620'), ('100', '621'), ('100', '622'), ('100', '623'), ('100', '624'), ('100', '625'), ('100', '626'), ('100', '627'), ('100', '628'), ('100', '629'), ('100', '630'), ('100', '631'), ('100', '632'), ('100', '633'), ('100', '634'), ('100', '635'), ('100', '636'), ('100', '637'), ('100', '638'), ('100', '639'), ('100', '640'), ('100', '641'), ('100', '642'), ('100', '643'), ('100', '644'), ('100', '645'), ('100', '646'), ('100', '647'), ('100', '648'), ('100', '649'), ('100', '650'), ('100', '651'), ('100', '652'), ('100', '653'), ('100', '654'), ('100', '655'), ('100', '656'), ('100', '657'), ('100', '658'), ('100', '659'), ('100', '660'), ('100', '661'), ('100', '662'), ('100', '663'), ('100', '664'), ('100', '665'), ('100', '666'), ('100', '667'), ('100', '668'), ('100', '669'), ('100', '670'), ('100', '671'), ('100', '672'), ('100', '673'), ('100', '674'), ('100', '675'), ('100', '676'), ('100', '677'), ('100', '678'), ('100', '679'), ('100', '680'), ('100', '681'), ('100', '682'), ('100', '683'), ('100', '684'), ('100', '685'), ('100', '686'), ('100', '697'), ('100', '698'), ('100', '699'), ('100', '700'), ('100', '701'), ('100', '702'), ('100', '703'), ('100', '704'), ('100', '713'), ('100', '714'), ('100', '715'), ('100', '716'), ('100', '717'), ('100', '718'), ('100', '719'), ('100', '720'), ('100', '721'), ('100', '722'), ('100', '723'), ('100', '724'), ('100', '725'), ('100', '726'), ('100', '727'), ('100', '728'), ('100', '729'), ('100', '730'), ('100', '731'), ('100', '732'), ('100', '733'), ('100', '734'), ('100', '735'), ('108', '736'), ('108', '737'), ('108', '738'), ('108', '739'), ('108', '740'), ('108', '741'), ('108', '742'), ('108', '743'), ('108', '744'), ('108', '745'), ('108', '746'), ('108', '747'), ('108', '748'), ('108', '749'), ('108', '750'), ('108', '751'), ('108', '752'), ('108', '753'), ('108', '754'), ('107', '709'), ('107', '710'), ('107', '712'), ('107', '755'), ('107', '756'), ('107', '757'), ('107', '758'), ('107', '759'), ('107', '760'), ('107', '761'), ('107', '762'), ('107', '763'), ('107', '764'), ('107', '765'), ('107', '766'), ('109', '767'), ('109', '768'), ('109', '769'), ('109', '770'), ('109', '771'), ('109', '772'), ('109', '773'), ('109', '774'), ('109', '775'), ('109', '776'), ('109', '777'), ('109', '778');
COMMIT;

-- ----------------------------
--  Table structure for `gs_permission`
-- ----------------------------
DROP TABLE IF EXISTS `gs_permission`;
CREATE TABLE `gs_permission` (
  `id` bigint(20) NOT NULL AUTO_INCREMENT,
  `addTime` datetime DEFAULT NULL,
  `deleteStatus` bit(1) NOT NULL,
  `display` bit(1) NOT NULL,
  `info` varchar(255) DEFAULT NULL,
  `per_code` varchar(255) DEFAULT NULL COMMENT '授权编码',
  `name` varchar(255) DEFAULT NULL,
  `sort` int(11) NOT NULL COMMENT '排序',
  `type` varchar(255) DEFAULT NULL,
  `pg_id` bigint(20) DEFAULT NULL COMMENT 'gs_permission_group表主键',
  `parent_id` bigint(20) DEFAULT NULL COMMENT '父id',
  PRIMARY KEY (`id`),
  KEY `FK7D72EB07C95D7AF7` (`pg_id`),
  KEY `FK7D72EB0761B99F8C` (`parent_id`)
) ENGINE=InnoDB AUTO_INCREMENT=110 DEFAULT CHARSET=utf8;

-- ----------------------------
--  Records of `gs_permission`
-- ----------------------------
BEGIN;
INSERT INTO `gs_permission` VALUES ('1', '2015-02-26 14:59:21', b'0', b'0', null, 'ROLE_ADMIN_INDEX', '商城后台管理', '0', 'ADMIN', '1', null), ('2', '2015-02-26 14:59:09', b'0', b'1', null, 'ROLE_ADMIN_SET_SITE', '站点设置', '0', 'ADMIN', '1', null), ('3', '2015-02-26 14:59:09', b'0', b'1', null, 'ROLE_ADMIN_SET_IMAGE', '上传设置', '0', 'ADMIN', '1', null), ('4', '2015-02-26 14:59:09', b'0', b'1', null, 'ROLE_ADMIN_SET_EMAIL', 'Email设置', '0', 'ADMIN', '1', null), ('5', '2015-02-26 14:59:09', b'0', b'1', null, 'ROLE_ADMIN_SET_SMS', '短信设置', '0', 'ADMIN', '1', null), ('6', '2015-02-26 14:59:09', b'0', b'1', null, 'ROLE_ADMIN_SET_SEO', 'SEO设置', '0', 'ADMIN', '1', null), ('7', '2015-02-26 14:59:10', b'0', b'1', null, 'ROLE_ADMIN_SET_SECOND_DOMAIN', '二级域名设置', '0', 'ADMIN', '1', null), ('8', '2015-02-26 14:59:10', b'0', b'1', null, 'ROLE_ADMIN_SET_FENRUN', '分润管理', '0', 'ADMIN', '1', null), ('9', '2015-02-26 14:59:10', b'0', b'0', null, 'ROLE_ADMIN_CONFIG_SAVE', '保存商城配置', '0', 'ADMIN', '1', null), ('10', '2015-02-26 14:59:10', b'0', b'1', null, 'ROLE_ADMIN_SET_WEBSITECSS', 'Email设置', '0', 'ADMIN', '1', null), ('11', '2015-02-26 14:59:10', b'0', b'1', null, 'ROLE_PAYMENT_SET', '支付方式', '0', 'ADMIN', '1', null), ('12', '2015-02-26 14:59:11', b'0', b'1', null, 'ROLE_TEMPLATE_SET', '通知模板', '0', 'ADMIN', '1', null), ('13', '2015-02-26 14:59:11', b'0', b'1', null, 'ROLE_ADMIN_AREA_SET', '常用地区', '0', 'ADMIN', '1', null), ('14', '2015-02-26 14:59:12', b'0', b'1', null, 'ROLE_ADMIN_TRANS_AREA', '运费区域', '0', 'ADMIN', '1', null), ('15', '2015-02-26 14:59:12', b'0', b'1', null, 'ROLE_ADMIN_GOODS', '商品管理', '0', 'ADMIN', '2', null), ('16', '2015-02-26 14:59:36', b'0', b'1', null, 'ROLE_GOODS_CLASS', '分类管理', '0', 'ADMIN', '2', null), ('17', '2015-02-26 14:59:14', b'0', b'1', null, 'ROLE_GOODS_BRAND', '品牌管理', '0', 'ADMIN', '2', null), ('18', '2015-02-26 14:59:14', b'0', b'1', null, 'ROLE_GOODS_TYPE', '类型管理', '0', 'ADMIN', '2', null), ('19', '2015-02-26 14:59:15', b'0', b'1', null, 'ROLE_GOODS_SPEC', '规格管理', '0', 'ADMIN', '2', null), ('20', '2015-02-26 14:59:15', b'0', b'1', null, 'ROLE_SPAREGOODS_ADMIN', '闲置商品', '0', 'ADMIN', '3', null), ('21', '2015-02-26 14:59:16', b'0', b'1', null, 'ROLE_SPAREGOODS_CLASS_ADMIN', '闲置分类', '0', 'ADMIN', '3', null), ('22', '2015-02-26 14:59:18', b'0', b'1', null, 'ROLE_ADMIN_STORE_SET', '店铺管理', '0', 'ADMIN', '4', null), ('23', '2015-02-26 14:59:17', b'0', b'1', null, 'ROLE_ADMIN_STORE_BASE', '基本设置', '0', 'ADMIN', '4', null), ('24', '2015-02-26 14:59:17', b'0', b'1', null, 'ROLE_ADMIN_STORE_TEMPLATE', '店铺模板', '0', 'ADMIN', '4', null), ('25', '2015-02-26 14:59:18', b'0', b'1', null, 'ROLE_STORE_GRADE', '店铺等级', '0', 'ADMIN', '4', null), ('26', '2015-02-26 14:59:19', b'0', b'1', null, 'ROLE_STORE_CLASS', '店铺分类', '0', 'ADMIN', '4', null), ('27', '2015-02-26 14:59:44', b'0', b'1', null, 'ROLE_USER_MANAGE', '会员管理', '0', 'ADMIN', '5', null), ('28', '2015-02-26 14:59:19', b'0', b'1', null, 'ROLE_USER_CREDITRULE', '会员信用', '0', 'ADMIN', '5', null), ('29', '2015-02-26 14:59:20', b'0', b'1', null, 'ROLE_USER_MSG', '会员通知', '0', 'ADMIN', '5', null), ('30', '2015-02-26 14:59:20', b'0', b'1', null, 'ROLE_PREDEPOSIT', '预存款管理', '0', 'ADMIN', '5', null), ('31', '2015-02-26 14:59:21', b'0', b'1', null, 'ROLE_ADMIN_MANAGE', '管理员管理', '0', 'ADMIN', '1', null), ('32', '2015-02-26 14:59:21', b'0', b'1', null, 'ROLE_ORDER_ADMIN', '订单管理', '0', 'ADMIN', '6', null), ('33', '2015-02-26 14:59:21', b'0', b'1', null, 'ROLE_SET_ORDER_CONFIRM', '订单设置', '0', 'ADMIN', '6', null), ('34', '2015-02-26 14:59:22', b'0', b'1', null, 'ROLE_CONSULT_ADMIN', '咨询管理', '0', 'ADMIN', '6', null), ('35', '2015-02-26 14:59:23', b'0', b'1', null, 'ROLE_REPORT_MANAGE', '举报管理', '0', 'ADMIN', '6', null), ('36', '2015-02-26 14:59:23', b'0', b'1', null, 'ROLE_EVALUATE_ADMIN', '商品评价', '0', 'ADMIN', '6', null), ('37', '2015-02-26 14:59:24', b'0', b'1', null, 'ROLE_COMPLAINT_MANAGE', '投诉管理', '0', 'ADMIN', '6', null), ('38', '2015-02-26 14:59:25', b'0', b'1', null, 'ROLE_ARTICLE', '文章管理', '0', 'ADMIN', '7', null), ('39', '2015-02-26 14:59:26', b'0', b'1', null, 'ROLE_ARTICLE_CLASS', '文章分类', '0', 'ADMIN', '7', null), ('40', '2015-02-26 14:59:26', b'0', b'1', null, 'ROLE_PARTNER_MANAGE', '合作伙伴', '0', 'ADMIN', '7', null), ('41', '2015-02-26 14:59:27', b'0', b'1', null, 'ROLE_DOCUMENT_MANAGE', '系统文章', '0', 'ADMIN', '7', null), ('42', '2015-02-26 14:59:27', b'0', b'1', null, 'ROLE_NAV_MANAGE', '页面导航', '0', 'ADMIN', '7', null), ('43', '2015-02-26 14:59:28', b'0', b'1', null, 'ROLE_OPERATION_BASE', '基本设置', '0', 'ADMIN', '8', null), ('44', '2015-02-26 14:59:28', b'0', b'1', null, 'ROLE_INTEGRAL_RULE', '积分规则', '0', 'ADMIN', '8', null), ('45', '2015-02-26 14:59:28', b'0', b'1', null, 'ROLE_GOLD_RECORD_ADMIN', '金币管理', '0', 'ADMIN', '8', null), ('46', '2015-02-26 14:59:29', b'0', b'1', null, 'ROLE_USER_INTEGRAL', '积分明细', '0', 'ADMIN', '5', null), ('47', '2015-02-26 14:59:30', b'0', b'1', null, 'ROLE_ZTC_SET', '竞价直通车', '0', 'ADMIN', '8', null), ('48', '2015-02-26 14:59:30', b'0', b'1', null, 'ROLE_COUPON_ADMIN', '优惠券管理', '0', 'ADMIN', '8', null), ('49', '2015-02-26 14:59:32', b'0', b'1', null, 'ROLE_ADVERT_ADMIN', '广告管理', '0', 'ADMIN', '8', null), ('50', '2015-02-26 14:59:33', b'0', b'1', null, 'ROLE_INTEGRAL_GOODS_ADMIN', '积分商城', '0', 'ADMIN', '8', null), ('51', '2015-02-26 14:59:36', b'0', b'1', null, 'ROLE_GROUP_ADMIN', '团购管理', '0', 'ADMIN', '8', null), ('52', '2015-02-26 14:59:38', b'0', b'1', null, 'ROLE_GOODS_FLOOR', '首页楼层', '0', 'ADMIN', '2', null), ('53', '2015-02-26 14:59:39', b'0', b'1', null, 'ROLE_DATA_MANAGE', '数据库管理', '0', 'ADMIN', '9', null), ('54', '2015-02-26 14:59:39', b'0', b'1', null, 'ROLE_CACHE_MANAGE', '更新缓存', '0', 'ADMIN', '9', null), ('55', '2015-02-26 14:59:39', b'0', b'1', null, 'ROLE_lucene_MANAGE', '全文检索', '0', 'ADMIN', '9', null), ('56', '2015-02-26 14:59:40', b'0', b'1', null, 'ROLE_ACTIVITY_ADMIN', '活动管理', '0', 'ADMIN', '8', null), ('57', '2015-02-26 14:59:41', b'0', b'1', null, 'ROLE_BARGAIN_ADMIN', '天天特价', '0', 'ADMIN', '8', null), ('58', '2015-02-26 14:59:42', b'0', b'1', null, 'ROLE_DELIVERY_ADMIN', '买就送', '0', 'ADMIN', '8', null), ('59', '2015-02-26 14:59:42', b'0', b'1', null, 'ROLE_ADMIN_SET_KUAIDI', '快递设置', '0', 'ADMIN', '1', null), ('60', '2015-02-26 14:59:42', b'0', b'1', null, 'ROLE_ADMIN_EXPRESS_COMPANY', '快递公司', '0', 'ADMIN', '1', null), ('61', '2015-02-26 14:59:43', b'0', b'1', null, 'ROLE_ADMIN_BBS', 'UC整合', '0', 'ADMIN', '9', null), ('62', '2015-02-26 14:59:43', b'0', b'1', null, 'ROLE_SPAREGOODSFLOOR_ADMIN', '闲置楼层', '0', 'ADMIN', '3', null), ('63', '2015-02-26 14:59:46', b'0', b'1', null, 'ROLE_COMBIN_ADMIN', '组合销售', '0', 'ADMIN', '8', null), ('64', '2015-02-26 14:59:47', b'0', b'1', null, 'ROLE_WEIXIN_ADMIN', '微信店铺', '0', 'ADMIN', '8', null), ('65', '2015-02-26 14:59:45', b'0', b'1', null, 'ROLE_ADMIN_WEIXIN_GOODS', '微信商品', '0', 'ADMIN', '8', null), ('66', '2015-02-26 14:59:46', b'0', b'1', null, 'ROLE_ADMIN_WEIXIN_BRAND', '微信品牌', '0', 'ADMIN', '8', null), ('67', '2015-02-26 14:59:46', b'0', b'1', null, 'ROLE_WEIXIN_PLAT_ADMIN', '微商城配置', '0', 'ADMIN', '8', null), ('68', '2015-02-26 14:59:47', b'0', b'1', null, 'ROLE_GOODS_LIST_SELLER', '出售中的商品', '0', 'SELLER', '10', null), ('69', '2015-02-26 14:59:47', b'0', b'1', null, 'ROLE_GOODS_EDIT_SELLER', '商品编辑', '0', 'SELLER', '10', null), ('70', '2015-02-26 14:59:47', b'0', b'1', null, 'ROLE_GOODS_DEL_SELLER', '商品删除', '0', 'SELLER', '10', null), ('71', '2015-02-26 14:59:48', b'0', b'1', null, 'ROLE_GOODS_SELLER', '商品发布', '0', 'SELLER', '10', null), ('72', '2015-02-26 14:59:48', b'0', b'1', null, 'ROLE_GOODS_STORAGE_SELLER', '仓库中的商品', '0', 'SELLER', '10', null), ('73', '2015-02-26 14:59:48', b'0', b'1', null, 'ROLE_GOODS_OUT_SELLER', '违规下架商品', '0', 'SELLER', '10', null), ('74', '2015-02-26 14:59:48', b'0', b'1', null, 'ROLE_GOODS_SALE_SELLER', '商品上下架', '0', 'SELLER', '10', null), ('75', '2015-02-26 14:59:48', b'0', b'1', null, 'ROLE_GOODS_REPORT_SELLER', '被举报禁售商品', '0', 'SELLER', '10', null), ('76', '2015-02-26 14:59:48', b'0', b'1', null, 'ROLE_USERGOODSCLASS_SELLER', '商品分类', '0', 'SELLER', '10', null), ('77', '2015-02-26 14:59:49', b'0', b'1', null, 'ROLE_TAOBAO_SELLER', '淘宝导入', '0', 'SELLER', '11', null), ('78', '2015-02-26 14:59:51', b'0', b'1', null, 'ROLE_ORDER_SELLER', '订单管理', '0', 'SELLER', '12', null), ('79', '2015-02-26 14:59:52', b'0', b'1', null, 'ROLE_PAYMENT_SELLER', '支付方式', '0', 'SELLER', '12', null), ('80', '2015-02-26 14:59:53', b'0', b'1', null, 'ROLE_TRANSPORT_SELLER', '物流工具', '0', 'SELLER', '12', null), ('81', '2015-02-26 14:59:54', b'0', b'1', null, 'ROLE_STORE_SET_SELLER', '店铺设置', '0', 'SELLER', '13', null), ('82', '2015-02-26 14:59:53', b'0', b'1', null, 'ROLE_CREATE_STORE', '申请店铺', '0', 'BUYER', '14', null), ('83', '2015-02-26 14:59:54', b'0', b'1', null, 'ROLE_STORE_THEME_SELLER', '主题设置', '0', 'SELLER', '13', null), ('84', '2015-02-26 14:59:55', b'0', b'1', null, 'ROLE_SUB_ACCOUNT_SELLER', '子账户管理', '0', 'SELLER', '13', null), ('85', '2015-02-26 14:59:55', b'0', b'1', null, 'ROLE_STORE_NAV', '导航管理', '0', 'SELLER', '13', null), ('86', '2015-02-26 14:59:55', b'0', b'1', null, 'ROLE_STORE_NAV_SELLER', '导航管理', '0', 'SELLER', '13', null), ('87', '2015-02-26 14:59:56', b'0', b'1', null, 'ROLE_STORE_PARTNER_SELLER', '友情链接', '0', 'SELLER', '13', null), ('88', '2015-02-26 14:59:56', b'0', b'1', null, 'ROLE_REFUND_SELLER', '退款管理', '0', 'SELLER', '15', null), ('89', '2015-02-26 14:59:56', b'0', b'1', null, 'ROLE_GOODS_RETURN_SELLER', '退货管理', '0', 'SELLER', '15', null), ('90', '2015-02-26 14:59:57', b'0', b'1', null, 'ROLE_COMPLAINT_SELLER', '投诉管理', '0', 'SELLER', '15', null), ('91', '2015-02-26 14:59:57', b'0', b'1', null, 'ROLE_CONSULT_SELLER', '咨询管理', '0', 'SELLER', '15', null), ('92', '2015-02-26 14:59:58', b'0', b'1', null, 'ROLE_ZTC_SELLER', '竞价直通车', '0', 'SELLER', '16', null), ('93', '2015-02-26 14:59:58', b'0', b'1', null, 'ROLE_ACTIVITY_SELLER', '活动管理', '0', 'SELLER', '16', null), ('94', '2015-02-26 14:59:59', b'0', b'1', null, 'ROLE_GROUP_SELLER', '团购管理', '0', 'SELLER', '16', null), ('95', '2015-02-26 14:59:59', b'0', b'1', null, 'ROLE_BARGAIN_SELLER', '今日特价', '0', 'SELLER', '16', null), ('96', '2015-02-26 15:00:00', b'0', b'1', null, 'ROLE_DELIVERY_SELLER', '买就送', '0', 'SELLER', '16', null), ('97', '2015-02-26 15:00:01', b'0', b'1', null, 'ROLE_GOLD_SELLER', '金币管理', '0', 'SELLER', '17', null), ('98', '2015-02-26 15:00:02', b'0', b'1', null, 'ROLE_ADVERT_SELLER', '广告管理', '0', 'SELLER', '17', null), ('99', '2015-02-26 15:00:03', b'0', b'1', null, 'ROLE_ALBUM_SELLER', '图片管理', '0', 'SELLER', '17', null), ('100', '2015-02-26 15:00:20', b'0', b'1', null, 'ROLE_USER_CENTER', '卖家中心', '0', 'BUYER', '18', null), ('101', '2015-02-26 15:00:03', b'0', b'1', null, 'ROLE_USER_CENTER_SELLER', '用户中心', '0', 'SELLER', '18', null), ('102', '2015-02-26 15:00:04', b'0', b'1', null, 'ROLE_USERGOODSBRAND_SELLER', '品牌申请', '0', 'SELLER', '10', null), ('103', '2015-02-26 15:00:06', b'0', b'1', null, 'ROLE_COMBIN_SELLER', '组合销售', '0', 'SELLER', '16', null), ('104', '2015-02-26 15:00:07', b'0', b'1', null, 'ROLE_WEIXIN_STORE_SELLER', '微信商城', '0', 'SELLER', '19', null), ('105', '2015-02-26 15:00:16', b'0', b'1', null, 'ROLE_PREDEPOSIT_SET', '预存款管理', '0', 'BUYER', '18', null), ('106', '2015-02-26 15:00:17', b'0', b'1', null, 'ROLE_INTEGRAL_EXCHANGE', '积分兑换', '0', 'BUYER', '20', null), ('107', '2015-02-26 15:00:24', b'0', b'1', null, 'ROLE_GOODS_CART', '购物流程3', '0', 'BUYER', '21', null), ('108', '2015-02-26 15:00:22', b'0', b'1', null, 'ROLE_WEIXIN_USER_CENTER', '微信用户中心', '0', 'BUYER', '22', null), ('109', '2015-02-26 15:00:25', b'0', b'1', null, 'ROLE_WEIXIN_GOODS_CART', '微信购物流程3', '0', 'BUYER', '23', null);
COMMIT;

-- ----------------------------
--  Table structure for `gs_permission_group`
-- ----------------------------
DROP TABLE IF EXISTS `gs_permission_group`;
CREATE TABLE `gs_permission_group` (
  `id` bigint(20) NOT NULL AUTO_INCREMENT,
  `addTime` datetime DEFAULT NULL,
  `deleteStatus` bit(1) NOT NULL,
  `name` varchar(255) DEFAULT NULL,
  `sequence` int(11) NOT NULL,
  `type` varchar(255) DEFAULT NULL,
  PRIMARY KEY (`id`)
) ENGINE=InnoDB AUTO_INCREMENT=24 DEFAULT CHARSET=utf8;

-- ----------------------------
--  Records of `gs_permission_group`
-- ----------------------------
BEGIN;
INSERT INTO `gs_permission_group` VALUES ('1', '2015-02-26 14:59:09', b'0', '设置', '0', 'ADMIN'), ('2', '2015-02-26 14:59:12', b'0', '商品', '5', 'ADMIN'), ('3', '2015-02-26 14:59:15', b'0', '闲置', '10', 'ADMIN'), ('4', '2015-02-26 14:59:16', b'0', '店铺', '11', 'ADMIN'), ('5', '2015-02-26 14:59:19', b'0', '会员', '14', 'ADMIN'), ('6', '2015-02-26 14:59:21', b'0', '交易', '18', 'ADMIN'), ('7', '2015-02-26 14:59:24', b'0', '网站', '26', 'ADMIN'), ('8', '2015-02-26 14:59:27', b'0', '运营', '31', 'ADMIN'), ('9', '2015-02-26 14:59:38', b'0', '工具', '43', 'ADMIN'), ('10', '2015-02-26 14:59:47', b'0', '商品管理', '58', 'SELLER'), ('11', '2015-02-26 14:59:49', b'0', '淘宝管理', '60', 'SELLER'), ('12', '2015-02-26 14:59:49', b'0', '交易管理', '61', 'SELLER'), ('13', '2015-02-26 14:59:53', b'0', '店铺', '64', 'SELLER'), ('14', '2015-02-26 14:59:53', b'0', '申请店铺', '64', 'BUYER'), ('15', '2015-02-26 14:59:56', b'0', '客户服务', '68', 'SELLER'), ('16', '2015-02-26 14:59:57', b'0', '促销', '73', 'SELLER'), ('17', '2015-02-26 15:00:01', b'0', '其他设置', '78', 'SELLER'), ('18', '2015-02-26 15:00:03', b'0', '用户中心', '82', 'BUYER'), ('19', '2015-02-26 15:00:06', b'0', '微信管理', '86', 'SELLER'), ('20', '2015-02-26 15:00:16', b'0', '积分兑换', '98', 'BUYER'), ('21', '2015-02-26 15:00:17', b'0', '在线购物', '98', 'BUYER'), ('22', '2015-02-26 15:00:20', b'0', '微信用户中心', '102', 'BUYER'), ('23', '2015-02-26 15:00:24', b'0', '微信在线购物', '106', 'BUYER');
COMMIT;

-- ----------------------------
--  Table structure for `gs_res`
-- ----------------------------
DROP TABLE IF EXISTS `gs_res`;
CREATE TABLE `gs_res` (
  `id` bigint(20) NOT NULL AUTO_INCREMENT,
  `addTime` datetime DEFAULT NULL,
  `deleteStatus` bit(1) NOT NULL,
  `info` varchar(255) DEFAULT NULL,
  `resName` varchar(255) DEFAULT NULL,
  `sequence` int(11) NOT NULL,
  `type` varchar(255) DEFAULT NULL,
  `value` varchar(255) DEFAULT NULL,
  PRIMARY KEY (`id`)
) ENGINE=InnoDB AUTO_INCREMENT=779 DEFAULT CHARSET=utf8;

-- ----------------------------
--  Records of `gs_res`
-- ----------------------------
BEGIN;
INSERT INTO `gs_res` VALUES ('1', '2015-02-26 14:59:09', b'0', null, '商城后台管理', '0', 'URL', '/admin/index.htm*'), ('2', '2015-02-26 14:59:09', b'0', null, '欢迎页面', '0', 'URL', null), ('3', '2015-02-26 14:59:09', b'0', null, '关于我们', '0', 'URL', null), ('4', '2015-02-26 14:59:09', b'0', null, '站点设置', '0', 'URL', '/admin/set_site.htm*'), ('5', '2015-02-26 14:59:09', b'0', null, '上传设置', '0', 'URL', '/admin/set_image.htm*'), ('6', '2015-02-26 14:59:09', b'0', null, 'Email设置', '0', 'URL', '/admin/set_email.htm*'), ('7', '2015-02-26 14:59:09', b'0', null, '短信设置', '0', 'URL', null), ('8', '2015-02-26 14:59:09', b'0', null, 'SEO设置', '0', 'URL', '/admin/set_seo.htm*'), ('9', '2015-02-26 14:59:09', b'0', null, 'QQ互联登录', '0', 'URL', null), ('10', '2015-02-26 14:59:09', b'0', null, '分润设置', '0', 'URL', '/admin/set_fenrun.htm*'), ('11', '2015-02-26 14:59:10', b'0', null, '保存商城配置', '0', 'URL', null), ('12', '2015-02-26 14:59:10', b'0', null, '二级域名设置', '0', 'URL', '/admin/set_second_domain.htm*'), ('13', '2015-02-26 14:59:10', b'0', null, '二级域名设置保存', '0', 'URL', null), ('14', '2015-02-26 14:59:10', b'0', null, '保存分润设置', '0', 'URL', null), ('15', '2015-02-26 14:59:10', b'0', null, 'websiteCss设置', '0', 'URL', null), ('16', '2015-02-26 14:59:10', b'0', null, '支付方式列表', '0', 'URL', '/admin/payment_list.htm*'), ('17', '2015-02-26 14:59:10', b'0', null, '支付方式设置', '0', 'URL', null), ('18', '2015-02-26 14:59:10', b'0', null, '支付方式编辑', '0', 'URL', null), ('19', '2015-02-26 14:59:10', b'0', null, '支付方式保存', '0', 'URL', null), ('20', '2015-02-26 14:59:10', b'0', null, '平台支付方式设置', '0', 'URL', null), ('21', '2015-02-26 14:59:10', b'0', null, '模板保存', '0', 'URL', null), ('22', '2015-02-26 14:59:10', b'0', null, '模板编辑', '0', 'URL', null), ('23', '2015-02-26 14:59:11', b'0', null, '模板开启', '0', 'URL', null), ('24', '2015-02-26 14:59:11', b'0', null, '模板列表', '0', 'URL', '/admin/template_list.htm*'), ('25', '2015-02-26 14:59:11', b'0', null, '模板AJAX更新', '0', 'URL', null), ('26', '2015-02-26 14:59:11', b'0', null, '模板添加', '0', 'URL', null), ('27', '2015-02-26 14:59:11', b'0', null, '模板编辑', '0', 'URL', null), ('28', '2015-02-26 14:59:11', b'0', null, '地区列表', '0', 'URL', '/admin/area_list.htm*'), ('29', '2015-02-26 14:59:11', b'0', null, '地区保存', '0', 'URL', null), ('30', '2015-02-26 14:59:11', b'0', null, '地区删除', '0', 'URL', null), ('31', '2015-02-26 14:59:11', b'0', null, '地区导入', '0', 'URL', null), ('32', '2015-02-26 14:59:11', b'0', null, '地区Ajax编辑', '0', 'URL', null), ('33', '2015-02-26 14:59:11', b'0', null, '运费地区列表', '0', 'URL', '/admin/trans_area_list.htm*'), ('34', '2015-02-26 14:59:11', b'0', null, '运费地区保存', '0', 'URL', null), ('35', '2015-02-26 14:59:11', b'0', null, '运费地区删除', '0', 'URL', null), ('36', '2015-02-26 14:59:11', b'0', null, '运费地区Ajax更新', '0', 'URL', null), ('37', '2015-02-26 14:59:12', b'0', null, '商品AJAX更新', '0', 'URL', null), ('38', '2015-02-26 14:59:12', b'0', null, '商品添加', '0', 'URL', null), ('39', '2015-02-26 14:59:12', b'0', null, '违规商品列表', '0', 'URL', null), ('40', '2015-02-26 14:59:12', b'0', null, '商品列表', '0', 'URL', '/admin/goods_list.htm*'), ('41', '2015-02-26 14:59:12', b'0', null, '商品编辑', '0', 'URL', null), ('42', '2015-02-26 14:59:12', b'0', null, '商品保存', '0', 'URL', null), ('43', '2015-02-26 14:59:12', b'0', null, '商品删除', '0', 'URL', null), ('44', '2015-02-26 14:59:12', b'0', null, '商品分类列表', '0', 'URL', '/admin/goods_class_list.htm*'), ('45', '2015-02-26 14:59:12', b'0', null, '商品分类添加', '0', 'URL', null), ('46', '2015-02-26 14:59:12', b'0', null, '商品分类编辑', '0', 'URL', null), ('47', '2015-02-26 14:59:12', b'0', null, '商品分类保存', '0', 'URL', null), ('48', '2015-02-26 14:59:12', b'0', null, '商品分类下级加载', '0', 'URL', null), ('49', '2015-02-26 14:59:13', b'0', null, '商品分类Ajax更新', '0', 'URL', null), ('50', '2015-02-26 14:59:13', b'0', null, '商品分类批量推荐', '0', 'URL', null), ('51', '2015-02-26 14:59:13', b'0', null, '商品分类批量删除', '0', 'URL', null), ('52', '2015-02-26 14:59:13', b'0', null, '商品品牌添加', '0', 'URL', null), ('53', '2015-02-26 14:59:13', b'0', null, '商品品牌列表', '0', 'URL', '/admin/goods_brand_list.htm*'), ('54', '2015-02-26 14:59:13', b'0', null, '商品品牌保存', '0', 'URL', null), ('55', '2015-02-26 14:59:13', b'0', null, '商品品牌删除', '0', 'URL', null), ('56', '2015-02-26 14:59:13', b'0', null, '商品品牌待审核列表', '0', 'URL', null), ('57', '2015-02-26 14:59:13', b'0', null, '商品品牌AJAX更新', '0', 'URL', null), ('58', '2015-02-26 14:59:13', b'0', null, '商品品牌编辑', '0', 'URL', null), ('59', '2015-02-26 14:59:14', b'0', null, '商品品牌审核通过', '0', 'URL', null), ('60', '2015-02-26 14:59:14', b'0', null, '商品品牌审核拒绝', '0', 'URL', null), ('61', '2015-02-26 14:59:14', b'0', null, '商品类型添加', '0', 'URL', null), ('62', '2015-02-26 14:59:14', b'0', null, '商品类型列表', '0', 'URL', '/admin/goods_type_list.htm*'), ('63', '2015-02-26 14:59:14', b'0', null, '商品类型保存', '0', 'URL', null), ('64', '2015-02-26 14:59:14', b'0', null, '商品类型删除', '0', 'URL', null), ('65', '2015-02-26 14:59:14', b'0', null, '商品类型AJAX更新', '0', 'URL', null), ('66', '2015-02-26 14:59:14', b'0', null, '商品类型属性AJAX删除', '0', 'URL', null), ('67', '2015-02-26 14:59:14', b'0', null, '商品类型编辑', '0', 'URL', null), ('68', '2015-02-26 14:59:14', b'0', null, '商品规格添加', '0', 'URL', null), ('69', '2015-02-26 14:59:14', b'0', null, '商品规格列表', '0', 'URL', '/admin/goods_spec_list.htm*'), ('70', '2015-02-26 14:59:14', b'0', null, '商品规格保存', '0', 'URL', null), ('71', '2015-02-26 14:59:15', b'0', null, '商品规格删除', '0', 'URL', null), ('72', '2015-02-26 14:59:15', b'0', null, '商品规格AJAX更新', '0', 'URL', null), ('73', '2015-02-26 14:59:15', b'0', null, '商品规格属性AJAX删除', '0', 'URL', null), ('74', '2015-02-26 14:59:15', b'0', null, '商品规格编辑', '0', 'URL', null), ('75', '2015-02-26 14:59:15', b'0', null, '闲置商品列表', '0', 'URL', '/admin/sparegoods_list.htm*'), ('76', '2015-02-26 14:59:15', b'0', null, '闲置商品下架上架切换', '0', 'URL', null), ('77', '2015-02-26 14:59:15', b'0', null, '闲置商品信息删除', '0', 'URL', null), ('78', '2015-02-26 14:59:15', b'0', null, '闲置商品AJAX更新', '0', 'URL', null), ('79', '2015-02-26 14:59:15', b'0', null, '闲置商品分类列表', '0', 'URL', '/admin/sparegoods_class_list.htm*'), ('80', '2015-02-26 14:59:15', b'0', null, '闲置商品分类添加', '0', 'URL', null), ('81', '2015-02-26 14:59:15', b'0', null, '闲置商品分类编辑', '0', 'URL', null), ('82', '2015-02-26 14:59:16', b'0', null, '闲置商品分类保存', '0', 'URL', null), ('83', '2015-02-26 14:59:16', b'0', null, '闲置商品分类删除', '0', 'URL', null), ('84', '2015-02-26 14:59:16', b'0', null, '闲置商品分类Ajax更新', '0', 'URL', null), ('85', '2015-02-26 14:59:16', b'0', null, '闲置商品分类下级加载', '0', 'URL', null), ('86', '2015-02-26 14:59:16', b'0', null, '闲置商品分类验证是否存在', '0', 'URL', null), ('87', '2015-02-26 14:59:16', b'0', null, '店铺列表', '0', 'URL', '/admin/store_list.htm*'), ('88', '2015-02-26 14:59:16', b'0', null, '店铺添加1', '0', 'URL', null), ('89', '2015-02-26 14:59:16', b'0', null, '店铺编辑', '0', 'URL', null), ('90', '2015-02-26 14:59:16', b'0', null, '店铺保存', '0', 'URL', null), ('91', '2015-02-26 14:59:16', b'0', null, '店铺添加2', '0', 'URL', null), ('92', '2015-02-26 14:59:17', b'0', null, '店铺删除', '0', 'URL', null), ('93', '2015-02-26 14:59:17', b'0', null, '店铺AJAX更新', '0', 'URL', null), ('94', '2015-02-26 14:59:17', b'0', null, '卖家信用', '0', 'URL', '/admin/store_base.htm*'), ('95', '2015-02-26 14:59:17', b'0', null, '卖家信用保存', '0', 'URL', null), ('96', '2015-02-26 14:59:17', b'0', null, '店铺模板', '0', 'URL', '/admin/store_template.htm*'), ('97', '2015-02-26 14:59:17', b'0', null, '店铺模板增加', '0', 'URL', null), ('98', '2015-02-26 14:59:17', b'0', null, '店铺模板保存', '0', 'URL', null), ('99', '2015-02-26 14:59:17', b'0', null, '店铺升级列表', '0', 'URL', null), ('100', '2015-02-26 14:59:17', b'0', null, '店铺升级编辑', '0', 'URL', null), ('101', '2015-02-26 14:59:17', b'0', null, '店铺升级保存', '0', 'URL', null), ('102', '2015-02-26 14:59:18', b'0', null, '店铺升级日志查看', '0', 'URL', null), ('103', '2015-02-26 14:59:18', b'0', null, '店铺等级列表', '0', 'URL', '/admin/storegrade_list.htm*'), ('104', '2015-02-26 14:59:18', b'0', null, '店铺等级添加', '0', 'URL', null), ('105', '2015-02-26 14:59:18', b'0', null, '店铺等级编辑', '0', 'URL', null), ('106', '2015-02-26 14:59:18', b'0', null, '店铺等级保存', '0', 'URL', null), ('107', '2015-02-26 14:59:18', b'0', null, '店铺等级删除', '0', 'URL', null), ('108', '2015-02-26 14:59:18', b'0', null, '店铺等级AJAX更新', '0', 'URL', null), ('109', '2015-02-26 14:59:18', b'0', null, '店铺等级模板设置', '0', 'URL', null), ('110', '2015-02-26 14:59:18', b'0', null, '店铺等级模板保存', '0', 'URL', null), ('111', '2015-02-26 14:59:18', b'0', null, '店铺分类添加', '0', 'URL', null), ('112', '2015-02-26 14:59:19', b'0', null, '店铺分类列表', '0', 'URL', '/admin/storeclass_list.htm*'), ('113', '2015-02-26 14:59:19', b'0', null, '店铺分类保存', '0', 'URL', null), ('114', '2015-02-26 14:59:19', b'0', null, '店铺分类删除', '0', 'URL', null), ('115', '2015-02-26 14:59:19', b'0', null, '店铺分类AJAX保存', '0', 'URL', null), ('116', '2015-02-26 14:59:19', b'0', null, '店铺分类下级数据加载', '0', 'URL', null), ('117', '2015-02-26 14:59:19', b'0', null, '店铺分类编辑', '0', 'URL', null), ('118', '2015-02-26 14:59:19', b'0', null, '会员列表', '0', 'URL', '/admin/user_list.htm*'), ('119', '2015-02-26 14:59:19', b'0', null, '会员信用', '0', 'URL', '/admin/user_creditrule.htm*'), ('120', '2015-02-26 14:59:19', b'0', null, '买家信用保存', '0', 'URL', null), ('121', '2015-02-26 14:59:19', b'0', null, '会员编辑', '0', 'URL', null), ('122', '2015-02-26 14:59:19', b'0', null, '会员添加', '0', 'URL', null), ('123', '2015-02-26 14:59:19', b'0', null, '会员删除', '0', 'URL', null), ('124', '2015-02-26 14:59:20', b'0', null, '会员保存', '0', 'URL', null), ('125', '2015-02-26 14:59:20', b'0', null, '会员通知', '0', 'URL', '/admin/user_msg.htm*'), ('126', '2015-02-26 14:59:20', b'0', null, '会员通知发送', '0', 'URL', null), ('127', '2015-02-26 14:59:20', b'0', null, '预存款手动修改', '0', 'URL', null), ('128', '2015-02-26 14:59:20', b'0', null, '加载用户预存款信息', '0', 'URL', null), ('129', '2015-02-26 14:59:20', b'0', null, '预存款手动修改保存', '0', 'URL', null), ('130', '2015-02-26 14:59:20', b'0', null, '预存款列表', '0', 'URL', '/admin/predeposit_list.htm*'), ('131', '2015-02-26 14:59:20', b'0', null, '预存款编辑', '0', 'URL', null), ('132', '2015-02-26 14:59:20', b'0', null, '预存款保存', '0', 'URL', null), ('133', '2015-02-26 14:59:20', b'0', null, '预存款明细列表', '0', 'URL', '/admin/predepositlog_list.htm*'), ('134', '2015-02-26 14:59:20', b'0', null, '管理员编辑', '0', 'URL', null), ('135', '2015-02-26 14:59:20', b'0', null, '管理员列表', '0', 'URL', '/admin/admin_list.htm*'), ('136', '2015-02-26 14:59:21', b'0', null, '管理员保存', '0', 'URL', null), ('137', '2015-02-26 14:59:21', b'0', null, '管理员添加', '0', 'URL', null), ('138', '2015-02-26 14:59:21', b'0', null, '管理员删除', '0', 'URL', null), ('139', '2015-02-26 14:59:21', b'0', null, '管理员修改密码', '0', 'URL', null), ('140', '2015-02-26 14:59:21', b'0', null, '管理员密码保存', '0', 'URL', null), ('141', '2015-02-26 14:59:21', b'0', null, '订单列表', '0', 'URL', '/admin/order_list.htm*'), ('142', '2015-02-26 14:59:21', b'0', null, '订单详情', '0', 'URL', null), ('143', '2015-02-26 14:59:21', b'0', null, '订单设置', '0', 'URL', '/admin/set_order_confirm.htm*'), ('144', '2015-02-26 14:59:21', b'0', null, '订单设置保存', '0', 'URL', null), ('145', '2015-02-26 14:59:21', b'0', null, '咨询列表', '0', 'URL', '/admin/consult_list.htm*'), ('146', '2015-02-26 14:59:22', b'0', null, '咨询删除', '0', 'URL', null), ('147', '2015-02-26 14:59:22', b'0', null, '举报处理', '0', 'URL', '/admin/report_list.htm*'), ('148', '2015-02-26 14:59:22', b'0', null, '未处理举报列表', '0', 'URL', null), ('149', '2015-02-26 14:59:22', b'0', null, '已处理举报列表', '0', 'URL', null), ('150', '2015-02-26 14:59:22', b'0', null, '举报处理', '0', 'URL', null), ('151', '2015-02-26 14:59:22', b'0', null, '举报主题增加', '0', 'URL', null), ('152', '2015-02-26 14:59:22', b'0', null, '举报主题列表', '0', 'URL', null), ('153', '2015-02-26 14:59:22', b'0', null, '举报主题保存', '0', 'URL', null), ('154', '2015-02-26 14:59:22', b'0', null, '举报主题删除', '0', 'URL', null), ('155', '2015-02-26 14:59:22', b'0', null, '举报主题编辑', '0', 'URL', null), ('156', '2015-02-26 14:59:22', b'0', null, '举报类型增加', '0', 'URL', null), ('157', '2015-02-26 14:59:22', b'0', null, '举报类型列表', '0', 'URL', null), ('158', '2015-02-26 14:59:23', b'0', null, '举报类型保存', '0', 'URL', null), ('159', '2015-02-26 14:59:23', b'0', null, '举报类型删除', '0', 'URL', null), ('160', '2015-02-26 14:59:23', b'0', null, '举报类型编辑', '0', 'URL', null), ('161', '2015-02-26 14:59:23', b'0', null, '商品评价编辑', '0', 'URL', null), ('162', '2015-02-26 14:59:23', b'0', null, '商品评价编辑', '0', 'URL', null), ('163', '2015-02-26 14:59:23', b'0', null, '商品评价列表', '0', 'URL', '/admin/evaluate_list.htm*'), ('164', '2015-02-26 14:59:23', b'0', null, '投诉设置', '0', 'URL', null), ('165', '2015-02-26 14:59:23', b'0', null, '投诉图片', '0', 'URL', null), ('166', '2015-02-26 14:59:23', b'0', null, '投诉列表', '0', 'URL', '/admin/complaint_list.htm*'), ('167', '2015-02-26 14:59:23', b'0', null, '投诉设置保存', '0', 'URL', null), ('168', '2015-02-26 14:59:23', b'0', null, '投诉详情', '0', 'URL', null), ('169', '2015-02-26 14:59:24', b'0', null, '投诉审核', '0', 'URL', null), ('170', '2015-02-26 14:59:24', b'0', null, '投诉关闭', '0', 'URL', null), ('171', '2015-02-26 14:59:24', b'0', null, '发布投诉对话', '0', 'URL', null), ('172', '2015-02-26 14:59:24', b'0', null, '投诉仲裁', '0', 'URL', null), ('173', '2015-02-26 14:59:24', b'0', null, '投诉主题添加', '0', 'URL', null), ('174', '2015-02-26 14:59:24', b'0', null, '投诉主题列表', '0', 'URL', null), ('175', '2015-02-26 14:59:24', b'0', null, '投诉主题保存', '0', 'URL', null), ('176', '2015-02-26 14:59:24', b'0', null, '投诉主题删除', '0', 'URL', null), ('177', '2015-02-26 14:59:24', b'0', null, '投诉主题编辑', '0', 'URL', null), ('178', '2015-02-26 14:59:24', b'0', null, '文章添加', '0', 'URL', null), ('179', '2015-02-26 14:59:24', b'0', null, '文章列表', '0', 'URL', '/admin/article_list.htm*'), ('180', '2015-02-26 14:59:25', b'0', null, '文章保存', '0', 'URL', null), ('181', '2015-02-26 14:59:25', b'0', null, '文章删除', '0', 'URL', null), ('182', '2015-02-26 14:59:25', b'0', null, '文章AJAX更新', '0', 'URL', null), ('183', '2015-02-26 14:59:25', b'0', null, '文章编辑', '0', 'URL', null), ('184', '2015-02-26 14:59:25', b'0', null, '文章分类添加', '0', 'URL', null), ('185', '2015-02-26 14:59:25', b'0', null, '文章分类列表', '0', 'URL', '/admin/articleclass_list.htm*'), ('186', '2015-02-26 14:59:25', b'0', null, '文章分类保存', '0', 'URL', null), ('187', '2015-02-26 14:59:25', b'0', null, '文章分类删除', '0', 'URL', null), ('188', '2015-02-26 14:59:25', b'0', null, '文章分类AJAX更新', '0', 'URL', null), ('189', '2015-02-26 14:59:25', b'0', null, '文章下级分类', '0', 'URL', '/admin/articleclass_data.htm*'), ('190', '2015-02-26 14:59:26', b'0', null, '文章分类编辑', '0', 'URL', '/admin/articleclass_edit.htm*'), ('191', '2015-02-26 14:59:26', b'0', null, '合作伙伴添加', '0', 'URL', '/admin/partner_add.htm*'), ('192', '2015-02-26 14:59:26', b'0', null, '合作伙伴列表', '0', 'URL', '/admin/partner_list.htm*'), ('193', '2015-02-26 14:59:26', b'0', null, '合作伙伴保存', '0', 'URL', '/admin/partner_save.htm*'), ('194', '2015-02-26 14:59:26', b'0', null, '合作伙伴删除', '0', 'URL', null), ('195', '2015-02-26 14:59:26', b'0', null, '合作伙伴编辑', '0', 'URL', null), ('196', '2015-02-26 14:59:26', b'0', null, '系统文章新增', '0', 'URL', null), ('197', '2015-02-26 14:59:26', b'0', null, '系统文章列表', '0', 'URL', '/admin/document_list.htm*'), ('198', '2015-02-26 14:59:26', b'0', null, '系统文章保存', '0', 'URL', null), ('199', '2015-02-26 14:59:26', b'0', null, '系统文章删除', '0', 'URL', null), ('200', '2015-02-26 14:59:27', b'0', null, '系统文章AJAX更新', '0', 'URL', null), ('201', '2015-02-26 14:59:27', b'0', null, '系统文章编辑', '0', 'URL', null), ('202', '2015-02-26 14:59:27', b'0', null, '页面导航添加', '0', 'URL', null), ('203', '2015-02-26 14:59:27', b'0', null, '页面导航列表', '0', 'URL', '/admin/navigation_list.htm*'), ('204', '2015-02-26 14:59:27', b'0', null, '页面导航保存', '0', 'URL', null), ('205', '2015-02-26 14:59:27', b'0', null, '页面导航删除', '0', 'URL', null), ('206', '2015-02-26 14:59:27', b'0', null, '页面导航AJAX更新', '0', 'URL', null), ('207', '2015-02-26 14:59:27', b'0', null, '页面导航编辑', '0', 'URL', null), ('208', '2015-02-26 14:59:27', b'0', null, '基本设置保存', '0', 'URL', null), ('209', '2015-02-26 14:59:27', b'0', null, '积分规则', '0', 'URL', '/admin/operation_integral_rule.htm*'), ('210', '2015-02-26 14:59:28', b'0', null, '基本设置', '0', 'URL', '/admin/operation_base_set.htm*'), ('211', '2015-02-26 14:59:28', b'0', null, '积分规则保存', '0', 'URL', null), ('212', '2015-02-26 14:59:28', b'0', null, '金币购买记录', '0', 'URL', null), ('213', '2015-02-26 14:59:28', b'0', null, '金币日志列表', '0', 'URL', '/admin/gold_record.htm*'), ('214', '2015-02-26 14:59:28', b'0', null, '金币购买记录编辑', '0', 'URL', null), ('215', '2015-02-26 14:59:28', b'0', null, '金币购买记录', '0', 'URL', null), ('216', '2015-02-26 14:59:28', b'0', null, '金币购买记录删除', '0', 'URL', null), ('217', '2015-02-26 14:59:28', b'0', null, '金币购买记录', '0', 'URL', null), ('218', '2015-02-26 14:59:28', b'0', null, '积分明细', '0', 'URL', '/admin/integrallog_list.htm*'), ('219', '2015-02-26 14:59:29', b'0', null, '积分管理', '0', 'URL', '/admin/user_integral.htm*'), ('220', '2015-02-26 14:59:29', b'0', null, '积分动态获取', '0', 'URL', null), ('221', '2015-02-26 14:59:29', b'0', null, '积分管理保存', '0', 'URL', null), ('222', '2015-02-26 14:59:29', b'0', null, '直通车商品审核', '0', 'URL', null), ('223', '2015-02-26 14:59:29', b'0', null, '直通车商品查看', '0', 'URL', null), ('224', '2015-02-26 14:59:29', b'0', null, '直通车商品审核保存', '0', 'URL', null), ('225', '2015-02-26 14:59:29', b'0', null, '直通车设置', '0', 'URL', '/admin/ztc_set.htm*'), ('226', '2015-02-26 14:59:29', b'0', null, '直通车设置保存', '0', 'URL', null), ('227', '2015-02-26 14:59:29', b'0', null, '直通车商品', '0', 'URL', null), ('228', '2015-02-26 14:59:30', b'0', null, '直通车申请列表', '0', 'URL', null), ('229', '2015-02-26 14:59:30', b'0', null, '直通车金币日志', '0', 'URL', null), ('230', '2015-02-26 14:59:30', b'0', null, '优惠券添加', '0', 'URL', null), ('231', '2015-02-26 14:59:30', b'0', null, '优惠券保存', '0', 'URL', null), ('232', '2015-02-26 14:59:30', b'0', null, '优惠券列表', '0', 'URL', '/admin/coupon_list.htm*'), ('233', '2015-02-26 14:59:30', b'0', null, '优惠券发放', '0', 'URL', null), ('234', '2015-02-26 14:59:30', b'0', null, '优惠券AJAX更新', '0', 'URL', null), ('235', '2015-02-26 14:59:30', b'0', null, '优惠券保存成功', '0', 'URL', null), ('236', '2015-02-26 14:59:30', b'0', null, '优惠券发放保存', '0', 'URL', null), ('237', '2015-02-26 14:59:30', b'0', null, '广告列表', '0', 'URL', '/admin/advert_list.htm*'), ('238', '2015-02-26 14:59:30', b'0', null, '广告增加', '0', 'URL', null), ('239', '2015-02-26 14:59:31', b'0', null, '广告查看', '0', 'URL', null), ('240', '2015-02-26 14:59:31', b'0', null, '广告审核', '0', 'URL', null), ('241', '2015-02-26 14:59:31', b'0', null, '广告编辑', '0', 'URL', null), ('242', '2015-02-26 14:59:31', b'0', null, '广告保存', '0', 'URL', null), ('243', '2015-02-26 14:59:31', b'0', null, '广告删除', '0', 'URL', null), ('244', '2015-02-26 14:59:31', b'0', null, '广告位添加', '0', 'URL', null), ('245', '2015-02-26 14:59:31', b'0', null, '广告位保存', '0', 'URL', null), ('246', '2015-02-26 14:59:31', b'0', null, '广告位列表', '0', 'URL', null), ('247', '2015-02-26 14:59:31', b'0', null, '广告位编辑', '0', 'URL', null), ('248', '2015-02-26 14:59:31', b'0', null, '广告位删除', '0', 'URL', null), ('249', '2015-02-26 14:59:32', b'0', null, '待审批广告列表', '0', 'URL', null), ('250', '2015-02-26 14:59:32', b'0', null, '积分礼品列表', '0', 'URL', null), ('251', '2015-02-26 14:59:32', b'0', null, '积分礼品添加', '0', 'URL', null), ('252', '2015-02-26 14:59:32', b'0', null, '积分礼品编辑', '0', 'URL', null), ('253', '2015-02-26 14:59:32', b'0', null, '积分礼品保存', '0', 'URL', null), ('254', '2015-02-26 14:59:32', b'0', null, '积分礼品删除', '0', 'URL', null), ('255', '2015-02-26 14:59:32', b'0', null, '积分礼品兑换列表', '0', 'URL', null), ('256', '2015-02-26 14:59:32', b'0', null, '积分礼品兑换详情', '0', 'URL', null), ('257', '2015-02-26 14:59:32', b'0', null, '取消积分订单', '0', 'URL', null), ('258', '2015-02-26 14:59:32', b'0', null, '订单确认付款', '0', 'URL', null), ('259', '2015-02-26 14:59:32', b'0', null, '订单删除', '0', 'URL', null), ('260', '2015-02-26 14:59:33', b'0', null, '订单费用调整', '0', 'URL', null), ('261', '2015-02-26 14:59:33', b'0', null, '订单费用调整保存', '0', 'URL', null), ('262', '2015-02-26 14:59:33', b'0', null, '发货设置', '0', 'URL', null), ('263', '2015-02-26 14:59:33', b'0', null, '发货设置保存', '0', 'URL', null), ('264', '2015-02-26 14:59:33', b'0', null, '团购区域增加', '0', 'URL', null), ('265', '2015-02-26 14:59:33', b'0', null, '团购区域列表', '0', 'URL', '/admin/group_list.htm*'), ('266', '2015-02-26 14:59:33', b'0', null, '团购区域保存', '0', 'URL', null), ('267', '2015-02-26 14:59:33', b'0', null, '团购区域删除', '0', 'URL', null), ('268', '2015-02-26 14:59:33', b'0', null, '团购区域Ajax更新', '0', 'URL', null), ('269', '2015-02-26 14:59:34', b'0', null, '团购区域下级加载', '0', 'URL', null), ('270', '2015-02-26 14:59:34', b'0', null, '团购区域编辑', '0', 'URL', null), ('271', '2015-02-26 14:59:34', b'0', null, '团购分类增加', '0', 'URL', null), ('272', '2015-02-26 14:59:34', b'0', null, '团购分类列表', '0', 'URL', null), ('273', '2015-02-26 14:59:34', b'0', null, '团购分类保存', '0', 'URL', null), ('274', '2015-02-26 14:59:34', b'0', null, '团购分类删除', '0', 'URL', null), ('275', '2015-02-26 14:59:34', b'0', null, '团购分类Ajax更新', '0', 'URL', null), ('276', '2015-02-26 14:59:34', b'0', null, '团购分类下级加载', '0', 'URL', null), ('277', '2015-02-26 14:59:34', b'0', null, '团购分类编辑', '0', 'URL', null), ('278', '2015-02-26 14:59:34', b'0', null, '团购增加', '0', 'URL', null), ('279', '2015-02-26 14:59:34', b'0', null, '团购列表', '0', 'URL', null), ('280', '2015-02-26 14:59:35', b'0', null, '团购编辑', '0', 'URL', null), ('281', '2015-02-26 14:59:35', b'0', null, '团购保存', '0', 'URL', null), ('282', '2015-02-26 14:59:35', b'0', null, '团购删除', '0', 'URL', null), ('283', '2015-02-26 14:59:35', b'0', null, '团购关闭', '0', 'URL', null), ('284', '2015-02-26 14:59:35', b'0', null, '团购申请列表', '0', 'URL', null), ('285', '2015-02-26 14:59:35', b'0', null, '团购商品审核通过', '0', 'URL', null), ('286', '2015-02-26 14:59:35', b'0', null, '团购商品审核拒绝', '0', 'URL', null), ('287', '2015-02-26 14:59:35', b'0', null, '团购商品审核推荐', '0', 'URL', null), ('288', '2015-02-26 14:59:35', b'0', null, '团购价格区间列表', '0', 'URL', null), ('289', '2015-02-26 14:59:36', b'0', null, '团购价格区间列表', '0', 'URL', null), ('290', '2015-02-26 14:59:36', b'0', null, '团购价格区间保存', '0', 'URL', null), ('291', '2015-02-26 14:59:36', b'0', null, '团购价格区间删除', '0', 'URL', null), ('292', '2015-02-26 14:59:36', b'0', null, '团购价格区间列表', '0', 'URL', null), ('293', '2015-02-26 14:59:36', b'0', null, '楼层分类列表', '0', 'URL', '/admin/goods_floor_list.htm*'), ('294', '2015-02-26 14:59:36', b'0', null, '楼层分类添加', '0', 'URL', null), ('295', '2015-02-26 14:59:36', b'0', null, '楼层分类编辑', '0', 'URL', null), ('296', '2015-02-26 14:59:36', b'0', null, '楼层分类保存', '0', 'URL', null), ('297', '2015-02-26 14:59:36', b'0', null, '楼层分类删除', '0', 'URL', null), ('298', '2015-02-26 14:59:36', b'0', null, '楼层分类Ajax更新', '0', 'URL', null), ('299', '2015-02-26 14:59:36', b'0', null, '楼层分类下级加载', '0', 'URL', null), ('300', '2015-02-26 14:59:37', b'0', null, '楼层模板编辑', '0', 'URL', null), ('301', '2015-02-26 14:59:37', b'0', null, '楼层模板商品分类编辑', '0', 'URL', null), ('302', '2015-02-26 14:59:37', b'0', null, '楼层模板商品分类加载', '0', 'URL', null), ('303', '2015-02-26 14:59:37', b'0', null, '楼层模板商品分类保存', '0', 'URL', null), ('304', '2015-02-26 14:59:37', b'0', null, '楼层模板分类商品编辑', '0', 'URL', null), ('305', '2015-02-26 14:59:37', b'0', null, '楼层模板分类商品保存', '0', 'URL', null), ('306', '2015-02-26 14:59:37', b'0', null, '楼层模板右侧商品列表编辑', '0', 'URL', null), ('307', '2015-02-26 14:59:37', b'0', null, '楼层模板右侧商品列表保存', '0', 'URL', null), ('308', '2015-02-26 14:59:38', b'0', null, '楼层模板左下方广告编辑', '0', 'URL', null), ('309', '2015-02-26 14:59:38', b'0', null, '楼层模板左下方广告保存', '0', 'URL', null), ('310', '2015-02-26 14:59:38', b'0', null, '楼层模板右下方广告编辑', '0', 'URL', null), ('311', '2015-02-26 14:59:38', b'0', null, '楼层模板右下方广告保存', '0', 'URL', null), ('312', '2015-02-26 14:59:38', b'0', null, '楼层模板品牌编辑', '0', 'URL', null), ('313', '2015-02-26 14:59:38', b'0', null, '楼层模板品牌保存', '0', 'URL', null), ('314', '2015-02-26 14:59:38', b'0', null, '楼层模板品牌加载', '0', 'URL', null), ('315', '2015-02-26 14:59:38', b'0', null, '楼层模板分类商品编辑', '0', 'URL', null), ('316', '2015-02-26 14:59:38', b'0', null, '数据库备份', '0', 'URL', null), ('317', '2015-02-26 14:59:38', b'0', null, '数据库备份列表', '0', 'URL', '/admin/database_add.htm*'), ('318', '2015-02-26 14:59:39', b'0', null, '数据库备份删除', '0', 'URL', null), ('319', '2015-02-26 14:59:39', b'0', null, '数据库备份保存', '0', 'URL', null), ('320', '2015-02-26 14:59:39', b'0', null, '数据库分卷备份', '0', 'URL', null), ('321', '2015-02-26 14:59:39', b'0', null, '数据库导入引导', '0', 'URL', null), ('322', '2015-02-26 14:59:39', b'0', null, '数据库分卷导入', '0', 'URL', null), ('323', '2015-02-26 14:59:39', b'0', null, '更新缓存', '0', 'URL', null), ('324', '2015-02-26 14:59:39', b'0', null, '缓存列表', '0', 'URL', '/admin/cache_list.htm*'), ('325', '2015-02-26 14:59:39', b'0', null, '全文检索设置', '0', 'URL', '/admin/lucene.htm*'), ('326', '2015-02-26 14:59:39', b'0', null, '全文检索更新', '0', 'URL', null), ('327', '2015-02-26 14:59:39', b'0', null, '全文检索关键字保存', '0', 'URL', null), ('328', '2015-02-26 14:59:39', b'0', null, '活动删除', '0', 'URL', null), ('329', '2015-02-26 14:59:40', b'0', null, '活动AJAX更新', '0', 'URL', null), ('330', '2015-02-26 14:59:40', b'0', null, '活动列表', '0', 'URL', '/admin/activity_list.htm*'), ('331', '2015-02-26 14:59:40', b'0', null, '活动添加', '0', 'URL', null), ('332', '2015-02-26 14:59:40', b'0', null, '活动编辑', '0', 'URL', null), ('333', '2015-02-26 14:59:40', b'0', null, '活动保存', '0', 'URL', null), ('334', '2015-02-26 14:59:40', b'0', null, '活动商品列表', '0', 'URL', null), ('335', '2015-02-26 14:59:40', b'0', null, '活动通过', '0', 'URL', null), ('336', '2015-02-26 14:59:40', b'0', null, '活动拒绝', '0', 'URL', null), ('337', '2015-02-26 14:59:40', b'0', null, '特价列表', '0', 'URL', '/admin/set_bargain.htm*'), ('338', '2015-02-26 14:59:40', b'0', null, '特价保存', '0', 'URL', null), ('339', '2015-02-26 14:59:40', b'0', null, '特价添加', '0', 'URL', null), ('340', '2015-02-26 14:59:41', b'0', null, '特价删除', '0', 'URL', null), ('341', '2015-02-26 14:59:41', b'0', null, '今日特价ajax更新', '0', 'URL', null), ('342', '2015-02-26 14:59:41', b'0', null, '系统特价设置', '0', 'URL', null), ('343', '2015-02-26 14:59:41', b'0', null, '时间查询设置', '0', 'URL', null), ('344', '2015-02-26 14:59:41', b'0', null, '通用特价设置保存', '0', 'URL', null), ('345', '2015-02-26 14:59:41', b'0', null, '特价商品列表', '0', 'URL', null), ('346', '2015-02-26 14:59:41', b'0', null, '特价商品通过', '0', 'URL', null), ('347', '2015-02-26 14:59:41', b'0', null, '特价商品审核数超出', '0', 'URL', null), ('348', '2015-02-26 14:59:41', b'0', null, '特价拒绝', '0', 'URL', null), ('349', '2015-02-26 14:59:41', b'0', null, '买就送设置', '0', 'URL', '/admin/set_delivery.htm*'), ('350', '2015-02-26 14:59:41', b'0', null, '买就送设置保存', '0', 'URL', null), ('351', '2015-02-26 14:59:42', b'0', null, '买就送商品列表', '0', 'URL', null), ('352', '2015-02-26 14:59:42', b'0', null, '买就送商品审核', '0', 'URL', null), ('353', '2015-02-26 14:59:42', b'0', null, '买就送拒绝', '0', 'URL', null), ('354', '2015-02-26 14:59:42', b'0', null, '快递设置', '0', 'URL', '/admin/set_kuaidi.htm*'), ('355', '2015-02-26 14:59:42', b'0', null, '保存快递设置', '0', 'URL', null), ('356', '2015-02-26 14:59:42', b'0', null, '快递公司列表', '0', 'URL', '/admin/express_company_list.htm*'), ('357', '2015-02-26 14:59:42', b'0', null, '快递公司添加', '0', 'URL', null), ('358', '2015-02-26 14:59:42', b'0', null, '快递公司编辑', '0', 'URL', null), ('359', '2015-02-26 14:59:42', b'0', null, '快递公司保存', '0', 'URL', null), ('360', '2015-02-26 14:59:42', b'0', null, '快递公司删除', '0', 'URL', null), ('361', '2015-02-26 14:59:42', b'0', null, '快递公司Ajax更新数据', '0', 'URL', null), ('362', '2015-02-26 14:59:42', b'0', null, 'UC配置', '0', 'URL', null), ('363', '2015-02-26 14:59:42', b'0', null, 'UC信息保存', '0', 'URL', null), ('364', '2015-02-26 14:59:43', b'0', null, '闲置商品楼层保存', '0', 'URL', null), ('365', '2015-02-26 14:59:43', b'0', null, '闲置商品楼层编辑', '0', 'URL', null), ('366', '2015-02-26 14:59:43', b'0', null, '闲置商品楼层列表', '0', 'URL', '/admin/sparegoodsfloor_list.htm*'), ('367', '2015-02-26 14:59:43', b'0', null, '闲置商品楼层添加', '0', 'URL', null), ('368', '2015-02-26 14:59:43', b'0', null, '闲置商品楼层ajax更新', '0', 'URL', null), ('369', '2015-02-26 14:59:43', b'0', null, '闲置商品楼层删除', '0', 'URL', null), ('370', '2015-02-26 14:59:43', b'0', null, '闲置商品楼层分类设置', '0', 'URL', null), ('371', '2015-02-26 14:59:43', b'0', null, '商品楼层分类ajax更新', '0', 'URL', null), ('372', '2015-02-26 14:59:43', b'0', null, '闲置商品楼层分类设置是否显示', '0', 'URL', null), ('373', '2015-02-26 14:59:43', b'0', null, '闲置商品楼层商品设置', '0', 'URL', null), ('374', '2015-02-26 14:59:43', b'0', null, '闲置商品楼层商品设置是否显示', '0', 'URL', null), ('375', '2015-02-26 14:59:44', b'0', null, '会员动态删除', '0', 'URL', null), ('376', '2015-02-26 14:59:44', b'0', null, '店铺动态列表', '0', 'URL', '/admin/sns_store.htm*'), ('377', '2015-02-26 14:59:44', b'0', null, '店铺动态删除', '0', 'URL', null), ('378', '2015-02-26 14:59:44', b'0', null, '会员动态列表', '0', 'URL', '/admin/sns_user.htm*'), ('379', '2015-02-26 14:59:44', b'0', null, 'sns动态设置可见度', '0', 'URL', null), ('380', '2015-02-26 14:59:44', b'0', null, '会员相册图片删除', '0', 'URL', null), ('381', '2015-02-26 14:59:44', b'0', null, '会员相册图片列表', '0', 'URL', '/admin/user_photo_list.htm*'), ('382', '2015-02-26 14:59:44', b'0', null, '会员相册列表', '0', 'URL', null), ('383', '2015-02-26 14:59:44', b'0', null, '会员相册删除', '0', 'URL', null), ('384', '2015-02-26 14:59:44', b'0', null, '组合销售设置', '0', 'URL', '/admin/set_combin.htm*'), ('385', '2015-02-26 14:59:44', b'0', null, '组合销售设置', '0', 'URL', '/admin/set_combin.htm*'), ('386', '2015-02-26 14:59:45', b'0', null, '组合销售设置保存', '0', 'URL', null), ('387', '2015-02-26 14:59:45', b'0', null, '组合销售商品审核', '0', 'URL', null), ('388', '2015-02-26 14:59:45', b'0', null, '组合销售商品拒绝', '0', 'URL', null), ('389', '2015-02-26 14:59:45', b'0', null, '微信店铺设置保存', '0', 'URL', null), ('390', '2015-02-26 14:59:45', b'0', null, '微信店铺违规关闭', '0', 'URL', null), ('391', '2015-02-26 14:59:45', b'0', null, '微信店铺开通', '0', 'URL', null), ('392', '2015-02-26 14:59:45', b'0', null, '商品列表', '0', 'URL', null), ('393', '2015-02-26 14:59:45', b'0', null, '微信商品AJAX更新', '0', 'URL', null), ('394', '2015-02-26 14:59:45', b'0', null, '团购商品列表', '0', 'URL', null), ('395', '2015-02-26 14:59:45', b'0', null, '微信团购商品AJAX更新', '0', 'URL', null), ('396', '2015-02-26 14:59:45', b'0', null, '微信商品品牌列表', '0', 'URL', null), ('397', '2015-02-26 14:59:46', b'0', null, '品牌微信商城推荐', '0', 'URL', null), ('398', '2015-02-26 14:59:46', b'0', null, '微商城配置', '0', 'URL', null), ('399', '2015-02-26 14:59:46', b'0', null, '微商城配置保存', '0', 'URL', null), ('400', '2015-02-26 14:59:46', b'0', null, '微商城菜单配置', '0', 'URL', null), ('401', '2015-02-26 14:59:46', b'0', null, '微商城菜单添加', '0', 'URL', null), ('402', '2015-02-26 14:59:46', b'0', null, '微商城菜单保存', '0', 'URL', null), ('403', '2015-02-26 14:59:46', b'0', null, '微商城菜单删除', '0', 'URL', null), ('404', '2015-02-26 14:59:46', b'0', null, '微商城菜单创建', '0', 'URL', null), ('405', '2015-02-26 14:59:46', b'0', null, '微商城菜单验证', '0', 'URL', null), ('406', '2015-02-26 14:59:46', b'0', null, '微信店铺', '0', 'URL', null), ('407', '2015-02-26 14:59:47', b'0', null, '微信店铺设置', '0', 'URL', null), ('408', '2015-02-26 14:59:47', b'0', null, '出售中的商品列表', '0', 'URL', '/seller/goods.htm*'), ('409', '2015-02-26 14:59:47', b'0', null, '商品编辑', '0', 'URL', '/seller/goods_edit.htm*'), ('410', '2015-02-26 14:59:47', b'0', null, '商品删除', '0', 'URL', '/seller/goods_del.htm*'), ('411', '2015-02-26 14:59:47', b'0', null, '发布商品第一步', '0', 'URL', '/seller/add_goods_first.htm*'), ('412', '2015-02-26 14:59:47', b'0', null, '商品运费模板分页显示', '0', 'URL', '/seller/goods_transport.htm*'), ('413', '2015-02-26 14:59:47', b'0', null, '发布商品第二步', '0', 'URL', '/seller/add_goods_second.htm*'), ('414', '2015-02-26 14:59:47', b'0', null, '产品规格显示', '0', 'URL', '/seller/goods_inventory.htm*'), ('415', '2015-02-26 14:59:47', b'0', null, '商品图片删除', '0', 'URL', '/seller/goods_image_del.htm*'), ('416', '2015-02-26 14:59:47', b'0', null, '发布商品第三步', '0', 'URL', '/seller/add_goods_finish.htm*'), ('417', '2015-02-26 14:59:47', b'0', null, '加载商品分类', '0', 'URL', '/seller/load_goods_class.htm*'), ('418', '2015-02-26 14:59:48', b'0', null, '删除用户常用商品分类', '0', 'URL', '/seller/del_goods_class_staple.htm*'), ('419', '2015-02-26 14:59:48', b'0', null, '仓库中的商品列表', '0', 'URL', '/seller/goods_storage.htm*'), ('420', '2015-02-26 14:59:48', b'0', null, '违规下架商品', '0', 'URL', '/seller/goods_out.htm*'), ('421', '2015-02-26 14:59:48', b'0', null, '商品上下架', '0', 'URL', '/seller/goods_sale.htm*'), ('422', '2015-02-26 14:59:48', b'0', null, '被举报禁售商品', '0', 'URL', '/seller/goods_report.htm*'), ('423', '2015-02-26 14:59:48', b'0', null, '举报图片查看', '0', 'URL', '/seller/report_img.htm*'), ('424', '2015-02-26 14:59:48', b'0', null, '卖家商品分类列表', '0', 'URL', '/seller/usergoodsclass_list.htm*'), ('425', '2015-02-26 14:59:48', b'0', null, '卖家商品分类保存', '0', 'URL', '/seller/usergoodsclass_save.htm*'), ('426', '2015-02-26 14:59:48', b'0', null, '卖家商品分类删除', '0', 'URL', '/seller/usergoodsclass_del.htm*'), ('427', '2015-02-26 14:59:48', b'0', null, '新增卖家商品分类', '0', 'URL', '/seller/address_add.htm*'), ('428', '2015-02-26 14:59:48', b'0', null, '编辑卖家商品分类', '0', 'URL', '/seller/usergoodsclass_edit.htm*'), ('429', '2015-02-26 14:59:49', b'0', null, '导入淘宝CSV', '0', 'URL', '/seller/taobao_import_csv.htm*'), ('430', '2015-02-26 14:59:49', b'0', null, '上传淘宝图片', '0', 'URL', '/seller/taobao_img_upload.htm*'), ('431', '2015-02-26 14:59:49', b'0', null, '淘宝导入完成', '0', 'URL', '/seller/taobao_import_finish.htm*'), ('432', '2015-02-26 14:59:49', b'0', null, '导入淘宝CSV', '0', 'URL', '/seller/taobao.htm*'), ('433', '2015-02-26 14:59:49', b'0', null, '卖家订单列表', '0', 'URL', '/seller/order.htm*'), ('434', '2015-02-26 14:59:49', b'0', null, '卖家订单详情', '0', 'URL', '/seller/order_view.htm*'), ('435', '2015-02-26 14:59:49', b'0', null, '卖家调整订单费用保存', '0', 'URL', '/seller/order_fee_save.htm*'), ('436', '2015-02-26 14:59:49', b'0', null, '线下付款确认', '0', 'URL', '/seller/seller_order_outline.htm*'), ('437', '2015-02-26 14:59:49', b'0', null, '线下付款确认保存', '0', 'URL', '/seller/seller_order_outline_save.htm*'), ('438', '2015-02-26 14:59:50', b'0', null, '卖家确认发货保存', '0', 'URL', '/seller/order_shipping_save.htm*'), ('439', '2015-02-26 14:59:50', b'0', null, '卖家修改物流', '0', 'URL', '/seller/order_shipping_code.htm*'), ('440', '2015-02-26 14:59:50', b'0', null, '卖家修改物流保存', '0', 'URL', '/seller/order_shipping_code_save.htm*'), ('441', '2015-02-26 14:59:50', b'0', null, '卖家退款保存', '0', 'URL', '/seller/order_refund_save.htm*'), ('442', '2015-02-26 14:59:50', b'0', null, '卖家退货保存', '0', 'URL', '/seller/order_return_save.htm*'), ('443', '2015-02-26 14:59:50', b'0', null, '卖家物流详情', '0', 'URL', '/seller/order_query_userinfor.htm*'), ('444', '2015-02-26 14:59:50', b'0', null, '卖家保存退货申请', '0', 'URL', '/seller/seller_order_return.htm*'), ('445', '2015-02-26 14:59:50', b'0', null, '确认买家退货', '0', 'URL', '/seller/seller_order_return_confirm.htm*'), ('446', '2015-02-26 14:59:50', b'0', null, '买家退货物流详情', '0', 'URL', '/seller/seller_order_return_ship_view.htm*'), ('447', '2015-02-26 14:59:50', b'0', null, '卖家确认发货', '0', 'URL', '/seller/order_shipping.htm*'), ('448', '2015-02-26 14:59:50', b'0', null, '卖家取消订单保存', '0', 'URL', '/seller/order_cancel_save.htm*'), ('449', '2015-02-26 14:59:51', b'0', null, '卖家评价', '0', 'URL', '/seller/order_evaluate.htm*'), ('450', '2015-02-26 14:59:51', b'0', null, '卖家评价保存', '0', 'URL', '/seller/order_evaluate_save.htm*'), ('451', '2015-02-26 14:59:51', b'0', null, '卖家物流详情', '0', 'URL', '/seller/ship_view.htm*'), ('452', '2015-02-26 14:59:51', b'0', null, '卖家取消订单', '0', 'URL', '/seller/order_cancel.htm*'), ('453', '2015-02-26 14:59:51', b'0', null, '卖家调整订单费用', '0', 'URL', '/seller/order_fee.htm*'), ('454', '2015-02-26 14:59:51', b'0', null, '卖家退款', '0', 'URL', '/seller/order_refund.htm*'), ('455', '2015-02-26 14:59:51', b'0', null, '卖家退货', '0', 'URL', '/seller/order_return.htm*'), ('456', '2015-02-26 14:59:51', b'0', null, '打印订单', '0', 'URL', '/seller/order_print.htm*'), ('457', '2015-02-26 14:59:51', b'0', null, '买家退货申请详情', '0', 'URL', '/seller/seller_order_return_apply_view.htm*'), ('458', '2015-02-26 14:59:51', b'0', null, '支付方式列表', '0', 'URL', '/seller/payment.htm*'), ('459', '2015-02-26 14:59:52', b'0', null, '支付方式编辑', '0', 'URL', '/seller/payment_edit.htm*'), ('460', '2015-02-26 14:59:52', b'0', null, '支付方式保存', '0', 'URL', '/seller/payment_save.htm*'), ('461', '2015-02-26 14:59:52', b'0', null, '支付方式安装', '0', 'URL', '/seller/payment_install.htm*'), ('462', '2015-02-26 14:59:52', b'0', null, '支付方式卸载', '0', 'URL', '/seller/payment_uninstall.htm*'), ('463', '2015-02-26 14:59:52', b'0', null, '卖家运费模板列表', '0', 'URL', '/seller/transport_list.htm*'), ('464', '2015-02-26 14:59:52', b'0', null, '卖家运费模板编辑', '0', 'URL', '/seller/transport_edit.htm*'), ('465', '2015-02-26 14:59:52', b'0', null, '卖家运费模板复制', '0', 'URL', '/seller/transport_copy.htm*'), ('466', '2015-02-26 14:59:52', b'0', null, '卖家运费模板保存', '0', 'URL', '/seller/transport_save.htm*'), ('467', '2015-02-26 14:59:52', b'0', null, '卖家运费模板保存成功', '0', 'URL', '/seller/transport_success.htm*'), ('468', '2015-02-26 14:59:52', b'0', null, '卖家运费模板详细信息', '0', 'URL', '/seller/transport_info.htm*'), ('469', '2015-02-26 14:59:53', b'0', null, '卖家运费模板区域编辑', '0', 'URL', '/seller/transport_area.htm*'), ('470', '2015-02-26 14:59:53', b'0', null, '卖家运费模板删除', '0', 'URL', '/seller/transport_del.htm*'), ('471', '2015-02-26 14:59:53', b'0', null, '卖家运费模板添加', '0', 'URL', '/seller/transport_add.htm*'), ('472', '2015-02-26 14:59:53', b'0', null, '店铺升级', '0', 'URL', '/seller/store_grade.htm*'), ('473', '2015-02-26 14:59:53', b'0', null, '申请店铺第一步', '0', 'URL', '/seller/store_create_first.htm*'), ('474', '2015-02-26 14:59:53', b'0', null, '申请店铺第二步', '0', 'URL', '/seller/store_create_second.htm*'), ('475', '2015-02-26 14:59:53', b'0', null, '申请店铺完成', '0', 'URL', '/seller/store_create_finish.htm*'), ('476', '2015-02-26 14:59:53', b'0', null, '店铺设置保存', '0', 'URL', '/seller/store_set_save.htm*'), ('477', '2015-02-26 14:59:53', b'0', null, '店铺地图保存', '0', 'URL', '/seller/store_map_save.htm*'), ('478', '2015-02-26 14:59:54', b'0', null, '主题设置', '0', 'URL', '/seller/store_theme_save.htm*'), ('479', '2015-02-26 14:59:54', b'0', null, '店铺认证保存', '0', 'URL', '/seller/store_approve_save.htm*'), ('480', '2015-02-26 14:59:54', b'0', null, '店铺升级申请完成', '0', 'URL', '/seller/store_grade_finish.htm*'), ('481', '2015-02-26 14:59:54', b'0', null, '店铺幻灯保存', '0', 'URL', '/seller/store_slide_save.htm*'), ('482', '2015-02-26 14:59:54', b'0', null, '店铺设置', '0', 'URL', '/seller/store_set.htm*'), ('483', '2015-02-26 14:59:54', b'0', null, '店铺地图', '0', 'URL', '/seller/store_map.htm*'), ('484', '2015-02-26 14:59:54', b'0', null, '主题设置', '0', 'URL', '/seller/store_theme.htm*'), ('485', '2015-02-26 14:59:54', b'0', null, '店铺认证', '0', 'URL', '/seller/store_approve.htm*'), ('486', '2015-02-26 14:59:54', b'0', null, '店铺幻灯', '0', 'URL', '/seller/store_slide.htm*'), ('487', '2015-02-26 14:59:54', b'0', null, '子账户列表', '0', 'URL', '/seller/sub_account_list.htm*'), ('488', '2015-02-26 14:59:55', b'0', null, '子账户添加', '0', 'URL', '/seller/sub_account_add.htm*'), ('489', '2015-02-26 14:59:55', b'0', null, '子账户编辑', '0', 'URL', '/seller/sub_account_edit.htm*'), ('490', '2015-02-26 14:59:55', b'0', null, '子账户保存', '0', 'URL', '/seller/sub_account_save.htm*'), ('491', '2015-02-26 14:59:55', b'0', null, '子账户删除', '0', 'URL', '/seller/sub_account_del.htm*'), ('492', '2015-02-26 14:59:55', b'0', null, '卖家导航编辑', '0', 'URL', '/seller/store_nav_edit.htm*'), ('493', '2015-02-26 14:59:55', b'0', null, '卖家导航保存', '0', 'URL', '/seller/store_nav_save.htm*'), ('494', '2015-02-26 14:59:55', b'0', null, '卖家导航删除', '0', 'URL', '/seller/store_nav_del.htm*'), ('495', '2015-02-26 14:59:55', b'0', null, '卖家导航添加', '0', 'URL', '/seller/store_nav_add.htm*'), ('496', '2015-02-26 14:59:55', b'0', null, '卖家导航管理', '0', 'URL', '/seller/store_nav.htm*'), ('497', '2015-02-26 14:59:55', b'0', null, '卖家合作伙伴添加', '0', 'URL', '/seller/store_partner_add.htm*'), ('498', '2015-02-26 14:59:55', b'0', null, '卖家合作伙伴编辑', '0', 'URL', '/seller/store_partner_edit.htm*'), ('499', '2015-02-26 14:59:56', b'0', null, '卖家合作伙伴保存', '0', 'URL', '/seller/store_partner_save.htm*'), ('500', '2015-02-26 14:59:56', b'0', null, '卖家合作伙伴删除', '0', 'URL', '/seller/store_partner_del.htm*'), ('501', '2015-02-26 14:59:56', b'0', null, '卖家合作伙伴列表', '0', 'URL', '/seller/store_partner.htm*'), ('502', '2015-02-26 14:59:56', b'0', null, '卖家退款列表', '0', 'URL', '/seller/refund.htm*'), ('503', '2015-02-26 14:59:56', b'0', null, '卖家退款列表', '0', 'URL', '/seller/refund_view.htm*'), ('504', '2015-02-26 14:59:56', b'0', null, '卖家退货列表', '0', 'URL', '/seller/goods_return.htm*'), ('505', '2015-02-26 14:59:56', b'0', null, '卖家退款列表', '0', 'URL', '/seller/return_view.htm*'), ('506', '2015-02-26 14:59:56', b'0', null, '卖家查看投诉详情', '0', 'URL', '/seller/complaint_view.htm*'), ('507', '2015-02-26 14:59:56', b'0', null, '卖家被投诉列表', '0', 'URL', '/seller/complaint.htm*'), ('508', '2015-02-26 14:59:56', b'0', null, '卖家查看投诉详情', '0', 'URL', '/seller/complaint_appeal.htm*'), ('509', '2015-02-26 14:59:57', b'0', null, '卖家投诉发起', '0', 'URL', '/seller/complaint_handle.htm*'), ('510', '2015-02-26 14:59:57', b'0', null, '卖家咨询列表', '0', 'URL', '/seller/consult.htm*'), ('511', '2015-02-26 14:59:57', b'0', null, '卖家咨询回复保存', '0', 'URL', '/seller/consult_reply_save.htm*'), ('512', '2015-02-26 14:59:57', b'0', null, '卖家咨询回复', '0', 'URL', '/seller/consult_reply.htm*'), ('513', '2015-02-26 14:59:57', b'0', null, '卖家咨询删除', '0', 'URL', '/seller/consult_del.htm*'), ('514', '2015-02-26 14:59:57', b'0', null, '直通车申请列表', '0', 'URL', '/seller/ztc_apply_list.htm*'), ('515', '2015-02-26 14:59:57', b'0', null, '直通车申请查看', '0', 'URL', '/seller/ztc_apply_view.htm*'), ('516', '2015-02-26 14:59:57', b'0', null, '直通车申请保存', '0', 'URL', '/seller/ztc_apply_save.htm*'), ('517', '2015-02-26 14:59:57', b'0', null, '直通车商品加载', '0', 'URL', '/seller/ztc_goods.htm*'), ('518', '2015-02-26 14:59:57', b'0', null, '直通车申请', '0', 'URL', '/seller/ztc_apply.htm*'), ('519', '2015-02-26 14:59:58', b'0', null, '直通车商品列表', '0', 'URL', '/seller/ztc_list.htm*'), ('520', '2015-02-26 14:59:58', b'0', null, '申请参加活动', '0', 'URL', '/seller/activity_apply.htm*'), ('521', '2015-02-26 14:59:58', b'0', null, '活动商品加载', '0', 'URL', '/seller/activity_goods.htm*'), ('522', '2015-02-26 14:59:58', b'0', null, '申请参加活动', '0', 'URL', '/seller/activity_apply_save.htm*'), ('523', '2015-02-26 14:59:58', b'0', null, '活动列表', '0', 'URL', '/seller/activity.htm*'), ('524', '2015-02-26 14:59:58', b'0', null, '活动商品列表', '0', 'URL', '/seller/activity_goods_list.htm*'), ('525', '2015-02-26 14:59:58', b'0', null, '卖家团购列表', '0', 'URL', '/seller/group.htm*'), ('526', '2015-02-26 14:59:58', b'0', null, '卖家团购添加', '0', 'URL', '/seller/group_add.htm*'), ('527', '2015-02-26 14:59:58', b'0', null, '卖家团购编辑', '0', 'URL', '/seller/group_edit.htm*'), ('528', '2015-02-26 14:59:58', b'0', null, '团购商品删除', '0', 'URL', '/seller/group_del.htm*'), ('529', '2015-02-26 14:59:58', b'0', null, '团购商品保存', '0', 'URL', '/seller/group_goods_save.htm*'), ('530', '2015-02-26 14:59:59', b'0', null, '卖家团购商品', '0', 'URL', '/seller/group_goods.htm*'), ('531', '2015-02-26 14:59:59', b'0', null, '今日特价', '0', 'URL', '/seller/bargain.htm*'), ('532', '2015-02-26 14:59:59', b'0', null, '商品保存', '0', 'URL', '/seller/bargain_apply_save.htm*'), ('533', '2015-02-26 14:59:59', b'0', null, '商品保存成功', '0', 'URL', '/seller/bargain_apply_success.htm*'), ('534', '2015-02-26 14:59:59', b'0', null, '商品保存失败', '0', 'URL', '/seller/bargain_apply_error.htm*'), ('535', '2015-02-26 14:59:59', b'0', null, '特价商品列表', '0', 'URL', '/seller/bargain_goods_list.htm*'), ('536', '2015-02-26 14:59:59', b'0', null, '添加商品', '0', 'URL', '/seller/bargain_goods.htm*'), ('537', '2015-02-26 14:59:59', b'0', null, '申请今日特价', '0', 'URL', '/seller/bargain_apply.htm*'), ('538', '2015-02-26 15:00:00', b'0', null, '买就送套餐购买保存', '0', 'URL', '/seller/delivery_buy_save.htm*'), ('539', '2015-02-26 15:00:00', b'0', null, '买就送套餐购买成功', '0', 'URL', '/seller/delivery_buy_success.htm*'), ('540', '2015-02-26 15:00:00', b'0', null, '买就送套餐购买失败', '0', 'URL', '/seller/delivery_buy_error.htm*'), ('541', '2015-02-26 15:00:00', b'0', null, '申请买就送', '0', 'URL', '/seller/delivery_apply.htm*'), ('542', '2015-02-26 15:00:00', b'0', null, '加载买就送商品', '0', 'URL', '/seller/delivery_goods.htm*'), ('543', '2015-02-26 15:00:00', b'0', null, '买就送商品保存', '0', 'URL', '/seller/delivery_apply_save.htm*'), ('544', '2015-02-26 15:00:00', b'0', null, '买就送删除', '0', 'URL', '/seller/delivery_del.htm*'), ('545', '2015-02-26 15:00:00', b'0', null, '买就送套餐购买', '0', 'URL', '/seller/delivery_buy.htm*'), ('546', '2015-02-26 15:00:00', b'0', null, '买就送', '0', 'URL', '/seller/delivery.htm*'), ('547', '2015-02-26 15:00:00', b'0', null, '买就送套餐购买日志', '0', 'URL', '/seller/delivery_log.htm*'), ('548', '2015-02-26 15:00:00', b'0', null, '金币兑换', '0', 'URL', '/seller/gold_record.htm*'), ('549', '2015-02-26 15:00:01', b'0', null, '兑换日志', '0', 'URL', '/seller/gold_log.htm*'), ('550', '2015-02-26 15:00:01', b'0', null, '金币兑换', '0', 'URL', '/seller/gold_record_list.htm*'), ('551', '2015-02-26 15:00:01', b'0', null, '金币兑换保存', '0', 'URL', '/buyer/gold_record_save.htm*'), ('552', '2015-02-26 15:00:01', b'0', null, '金币兑换支付', '0', 'URL', '/seller/gold_pay.htm*'), ('553', '2015-02-26 15:00:01', b'0', null, '金币兑换详情', '0', 'URL', '/seller/gold_view.htm*'), ('554', '2015-02-26 15:00:01', b'0', null, '广告列表', '0', 'URL', '/seller/advert_list.htm*'), ('555', '2015-02-26 15:00:01', b'0', null, '广告购买保存', '0', 'URL', '/seller/advert_apply_save.htm*'), ('556', '2015-02-26 15:00:01', b'0', null, '广告编辑', '0', 'URL', '/seller/advert_apply_edit.htm*'), ('557', '2015-02-26 15:00:01', b'0', null, '广告购买保存', '0', 'URL', '/seller/advert_delay_save.htm*'), ('558', '2015-02-26 15:00:01', b'0', null, '我的广告', '0', 'URL', '/seller/advert_my.htm*'), ('559', '2015-02-26 15:00:02', b'0', null, '广告购买', '0', 'URL', '/seller/advert_apply.htm*'), ('560', '2015-02-26 15:00:02', b'0', null, '广告延时', '0', 'URL', '/seller/advert_delay.htm*'), ('561', '2015-02-26 15:00:02', b'0', null, '图片水印保存', '0', 'URL', '/seller/watermark_save.htm*'), ('562', '2015-02-26 15:00:02', b'0', null, '图片水印', '0', 'URL', '/seller/watermark.htm*'), ('563', '2015-02-26 15:00:02', b'0', null, '相册列表', '0', 'URL', '/seller/album.htm*'), ('564', '2015-02-26 15:00:02', b'0', null, '相册转移', '0', 'URL', '/seller/album_transfer.htm*'), ('565', '2015-02-26 15:00:02', b'0', null, '图片转移相册', '0', 'URL', '/seller/album_transfer_save.htm*'), ('566', '2015-02-26 15:00:02', b'0', null, '图片转移相册', '0', 'URL', '/seller/album_watermark.htm*'), ('567', '2015-02-26 15:00:02', b'0', null, '新增相册', '0', 'URL', '/seller/album_add.htm*'), ('568', '2015-02-26 15:00:02', b'0', null, '图片列表', '0', 'URL', '/seller/album_image.htm*'), ('569', '2015-02-26 15:00:02', b'0', null, '相册保存', '0', 'URL', '/seller/album_save.htm*'), ('570', '2015-02-26 15:00:03', b'0', null, '图片上传', '0', 'URL', '/seller/album_upload.htm*'), ('571', '2015-02-26 15:00:03', b'0', null, '相册封面设置', '0', 'URL', '/seller/album_cover.htm*'), ('572', '2015-02-26 15:00:03', b'0', null, '新增相册', '0', 'URL', '/seller/album_edit.htm*'), ('573', '2015-02-26 15:00:03', b'0', null, '相册删除', '0', 'URL', '/seller/album_del.htm*'), ('574', '2015-02-26 15:00:03', b'0', null, '图片幻灯查看', '0', 'URL', '/seller/image_slide.htm*'), ('575', '2015-02-26 15:00:03', b'0', null, '相册内图片删除', '0', 'URL', '/seller/album_img_del.htm*'), ('576', '2015-02-26 15:00:03', b'0', null, '卖家中心', '0', 'URL', '/seller/index.htm*'), ('577', '2015-02-26 15:00:03', b'0', null, '卖家中心导航', '0', 'URL', '/seller/nav.htm*'), ('578', '2015-02-26 15:00:03', b'0', null, '卖家中心快捷功能设置', '0', 'URL', '/seller/store_quick_menu.htm*'), ('579', '2015-02-26 15:00:03', b'0', null, '卖家中心快捷功能设置保存', '0', 'URL', '/seller/store_quick_menu_save.htm*'), ('580', '2015-02-26 15:00:03', b'0', null, '卖家中心导航', '0', 'URL', '/seller/head.htm*'), ('581', '2015-02-26 15:00:04', b'0', null, '卖家品牌列表', '0', 'URL', '/seller/usergoodsbrand_list.htm*'), ('582', '2015-02-26 15:00:04', b'0', null, '卖家品牌申请', '0', 'URL', '/seller/usergoodsbrand_add.htm*'), ('583', '2015-02-26 15:00:04', b'0', null, '卖家品牌编辑', '0', 'URL', '/seller/usergoodsbrand_edit.htm*'), ('584', '2015-02-26 15:00:04', b'0', null, '卖家品牌删除', '0', 'URL', '/seller/usergoodsbrand_dele.htm*'), ('585', '2015-02-26 15:00:04', b'0', null, '卖家品牌保存', '0', 'URL', '/seller/usergoodsbrand_save.htm*'), ('586', '2015-02-26 15:00:04', b'0', null, '闲置商品列表', '0', 'URL', '/seller/spare_goods.htm*'), ('587', '2015-02-26 15:00:04', b'0', null, '发布闲置商品', '0', 'URL', '/seller/add_spare_goods.htm*'), ('588', '2015-02-26 15:00:04', b'0', null, '闲置商品信息编辑', '0', 'URL', '/seller/spare_goods_edit.htm*'), ('589', '2015-02-26 15:00:04', b'0', null, '闲置商品信息删除', '0', 'URL', '/seller/spare_goods_dele.htm*'), ('590', '2015-02-26 15:00:04', b'0', null, '闲置商品下架上架操作', '0', 'URL', '/seller/spare_goods_updown.htm*'), ('591', '2015-02-26 15:00:04', b'0', null, '闲置商品保存', '0', 'URL', '/seller/spare_goods_save.htm*'), ('592', '2015-02-26 15:00:05', b'0', null, '闲置商品发布页Ajax加载下级地区信息', '0', 'URL', '/seller/sparegoods_area_data.htm*'), ('593', '2015-02-26 15:00:05', b'0', null, '图片删除', '0', 'URL', '/seller/sparegoods_removeimg.htm*'), ('594', '2015-02-26 15:00:05', b'0', null, '加载商品', '0', 'URL', '/seller/combin_goods.htm*'), ('595', '2015-02-26 15:00:05', b'0', null, '组合销售套餐购买保存', '0', 'URL', '/seller/combin_buy_save.htm*'), ('596', '2015-02-26 15:00:05', b'0', null, '组合销售套餐购买成功', '0', 'URL', '/seller/combin_buy_success.htm*'), ('597', '2015-02-26 15:00:05', b'0', null, '组合销售套餐购买失败', '0', 'URL', '/seller/combin_buy_error.htm*'), ('598', '2015-02-26 15:00:05', b'0', null, '组合销售', '0', 'URL', '/seller/combin.htm*'), ('599', '2015-02-26 15:00:05', b'0', null, '申请组合销售', '0', 'URL', '/seller/combin_apply.htm*'), ('600', '2015-02-26 15:00:05', b'0', null, '组合销售购买日志', '0', 'URL', '/seller/combin_log.htm*'), ('601', '2015-02-26 15:00:05', b'0', null, '组合销售保存', '0', 'URL', '/seller/combin_save.htm*'), ('602', '2015-02-26 15:00:06', b'0', null, '销售组合编辑', '0', 'URL', '/seller/combin_edit.htm*'), ('603', '2015-02-26 15:00:06', b'0', null, '组合销售删除', '0', 'URL', '/seller/combin_del.htm*'), ('604', '2015-02-26 15:00:06', b'0', null, '组合销售套餐购买', '0', 'URL', '/seller/combin_buy.htm*'), ('605', '2015-02-26 15:00:06', b'0', null, '微信商城数据保存', '0', 'URL', '/seller/weixin_store_save.htm*'), ('606', '2015-02-26 15:00:06', b'0', null, '微信商城', '0', 'URL', '/seller/weixin_store_buy.htm*'), ('607', '2015-02-26 15:00:06', b'0', null, '微信商城购买保存', '0', 'URL', '/seller/weixin_store_buy_save.htm*'), ('608', '2015-02-26 15:00:06', b'0', null, '微信商城购买成功', '0', 'URL', '/seller/weixin_store_buy_success.htm*'), ('609', '2015-02-26 15:00:06', b'0', null, '微信商城购买失败', '0', 'URL', '/seller/weixin_store_buy_error.htm*'), ('610', '2015-02-26 15:00:06', b'0', null, '微信商城购买日志', '0', 'URL', '/seller/weixin_store_log.htm*'), ('611', '2015-02-26 15:00:06', b'0', null, '微信商城菜单配置页面', '0', 'URL', '/seller/weixin_store_menu.htm*'), ('612', '2015-02-26 15:00:07', b'0', null, '微信商城菜单配置', '0', 'URL', '/seller/weixin_store_menu_add.htm*'), ('613', '2015-02-26 15:00:07', b'0', null, '微信商城菜单保存', '0', 'URL', '/seller/weixin_store_menu_save.htm*'), ('614', '2015-02-26 15:00:07', b'0', null, '微信商城菜单删除', '0', 'URL', '/seller/weixin_store_menu_delete.htm*'), ('615', '2015-02-26 15:00:07', b'0', null, '微信菜单创建', '0', 'URL', '/seller/weixin_store_menu_create.htm*'), ('616', '2015-02-26 15:00:07', b'0', null, '微信商城', '0', 'URL', '/seller/weixin_store.htm*'), ('617', '2015-02-26 15:00:07', b'0', null, '微信消息', '0', 'URL', '/seller/weixin_msg.htm*'), ('618', '2015-02-26 15:00:07', b'0', null, '买家中心', '0', 'URL', '/buyer/index.htm*'), ('619', '2015-02-26 15:00:07', b'0', null, '买家中心导航', '0', 'URL', '/buyer/head.htm*'), ('620', '2015-02-26 15:00:07', b'0', null, '买家中心导航', '0', 'URL', '/buyer/nav.htm*'), ('621', '2015-02-26 15:00:07', b'0', null, '删除动态', '0', 'URL', '/buyer/dynamic_del.htm*'), ('622', '2015-02-26 15:00:08', b'0', null, 'ajax回复保存方法', '0', 'URL', '/buyer/dynamic_ajax_reply.htm*'), ('623', '2015-02-26 15:00:08', b'0', null, 'ajax赞动态方法', '0', 'URL', '/buyer/dynamic_ajax_praise.htm*'), ('624', '2015-02-26 15:00:08', b'0', null, 'ajax转发动态保存方法', '0', 'URL', '/buyer/dynamic_ajax_turn.htm*'), ('625', '2015-02-26 15:00:08', b'0', null, '删除动态下方自己发布的评论', '0', 'URL', '/buyer/dynamic_reply_del.htm*'), ('626', '2015-02-26 15:00:08', b'0', null, '用户分享收藏店铺列表', '0', 'URL', '/buyer/fav_store_list.htm*'), ('627', '2015-02-26 15:00:08', b'0', null, '用户分享收藏店铺ajax列表', '0', 'URL', '/buyer/fav_store_list_ajax.htm*'), ('628', '2015-02-26 15:00:08', b'0', null, '用户分享收藏商品列表', '0', 'URL', '/buyer/fav_goods_list.htm*'), ('629', '2015-02-26 15:00:08', b'0', null, '用户分享收藏商品ajax列表', '0', 'URL', '/buyer/fav_goods_list_ajax.htm*'), ('630', '2015-02-26 15:00:08', b'0', null, '动态发布保存', '0', 'URL', '/buyer/dynamic_save.htm*'), ('631', '2015-02-26 15:00:08', b'0', null, '个人信息获取下级地区ajax', '0', 'URL', '/buyer/account_getAreaChilds.htm*'), ('632', '2015-02-26 15:00:09', b'0', null, '密码修改', '0', 'URL', '/buyer/account_password.htm*'), ('633', '2015-02-26 15:00:09', b'0', null, '密码修改保存', '0', 'URL', '/buyer/account_password_save.htm*'), ('634', '2015-02-26 15:00:09', b'0', null, '邮箱修改保存', '0', 'URL', '/buyer/account_email_save.htm*'), ('635', '2015-02-26 15:00:09', b'0', null, '图像修改', '0', 'URL', '/buyer/account_avatar.htm*'), ('636', '2015-02-26 15:00:09', b'0', null, '手机号码修改', '0', 'URL', '/buyer/account_mobile.htm*'), ('637', '2015-02-26 15:00:09', b'0', null, '手机号码保存', '0', 'URL', '/buyer/account_mobile_save.htm*'), ('638', '2015-02-26 15:00:09', b'0', null, '手机短信发送', '0', 'URL', '/buyer/account_mobile_sms.htm*'), ('639', '2015-02-26 15:00:09', b'0', null, '好友管理', '0', 'URL', '/buyer/friend.htm*'), ('640', '2015-02-26 15:00:10', b'0', null, '好友添加', '0', 'URL', '/buyer/friend_add_save.htm*'), ('641', '2015-02-26 15:00:10', b'0', null, '账号解除绑定', '0', 'URL', '/buyer/account_bind_cancel.htm*'), ('642', '2015-02-26 15:00:10', b'0', null, '个人信息导航', '0', 'URL', '/buyer/account_nav.htm*'), ('643', '2015-02-26 15:00:10', b'0', null, '个人信息', '0', 'URL', '/buyer/account.htm*'), ('644', '2015-02-26 15:00:10', b'0', null, '个人信息保存', '0', 'URL', '/buyer/account_save.htm*'), ('645', '2015-02-26 15:00:10', b'0', null, '邮箱修改', '0', 'URL', '/buyer/account_email.htm*'), ('646', '2015-02-26 15:00:10', b'0', null, '图像上传', '0', 'URL', '/buyer/upload_avatar.htm*'), ('647', '2015-02-26 15:00:10', b'0', null, '好友添加', '0', 'URL', '/buyer/friend_add.htm*'), ('648', '2015-02-26 15:00:10', b'0', null, '搜索用户', '0', 'URL', '/buyer/account_friend_search.htm*'), ('649', '2015-02-26 15:00:11', b'0', null, '好友删除', '0', 'URL', '/buyer/friend_del.htm*'), ('650', '2015-02-26 15:00:11', b'0', null, '账号绑定', '0', 'URL', '/buyer/account_bind.htm*'), ('651', '2015-02-26 15:00:11', b'0', null, '站内短信', '0', 'URL', '/buyer/message.htm*'), ('652', '2015-02-26 15:00:11', b'0', null, '站内短信保存', '0', 'URL', '/buyer/message_save.htm*'), ('653', '2015-02-26 15:00:11', b'0', null, '站内短信回复', '0', 'URL', '/buyer/message_reply.htm*'), ('654', '2015-02-26 15:00:11', b'0', null, '站内短信查看', '0', 'URL', '/buyer/message_info.htm*'), ('655', '2015-02-26 15:00:11', b'0', null, '站内短信发送', '0', 'URL', '/buyer/message_send.htm*'), ('656', '2015-02-26 15:00:11', b'0', null, '站内短信删除', '0', 'URL', '/buyer/message_del.htm*'), ('657', '2015-02-26 15:00:11', b'0', null, '收货地址列表', '0', 'URL', '/buyer/address.htm*'), ('658', '2015-02-26 15:00:12', b'0', null, '新增收货地址', '0', 'URL', '/buyer/address_edit.htm*'), ('659', '2015-02-26 15:00:12', b'0', null, '收货地址保存', '0', 'URL', '/buyer/address_save.htm*'), ('660', '2015-02-26 15:00:12', b'0', null, '收货地址删除', '0', 'URL', '/buyer/address_del.htm*'), ('661', '2015-02-26 15:00:12', b'0', null, '新增收货地址', '0', 'URL', '/buyer/address_add.htm*'), ('662', '2015-02-26 15:00:12', b'0', null, '用户商品收藏', '0', 'URL', '/buyer/favorite_goods.htm*'), ('663', '2015-02-26 15:00:12', b'0', null, '用户店铺收藏', '0', 'URL', '/buyer/favorite_store.htm*'), ('664', '2015-02-26 15:00:12', b'0', null, '用户收藏删除', '0', 'URL', '/buyer/favorite_del.htm*'), ('665', '2015-02-26 15:00:12', b'0', null, '买家举报列表', '0', 'URL', '/buyer/report.htm*'), ('666', '2015-02-26 15:00:12', b'0', null, '买家举报商品', '0', 'URL', '/buyer/report_add.htm*'), ('667', '2015-02-26 15:00:12', b'0', null, '保存买家举报商品', '0', 'URL', '/buyer/report_save.htm*'), ('668', '2015-02-26 15:00:13', b'0', null, '买家举报详情', '0', 'URL', '/buyer/report_view.htm*'), ('669', '2015-02-26 15:00:13', b'0', null, '买家取消举报', '0', 'URL', '/buyer/report_cancel.htm*'), ('670', '2015-02-26 15:00:13', b'0', null, '买家订单列表', '0', 'URL', '/buyer/order.htm*'), ('671', '2015-02-26 15:00:13', b'0', null, '买家订单详情', '0', 'URL', '/buyer/order_view.htm*'), ('672', '2015-02-26 15:00:13', b'0', null, '订单取消', '0', 'URL', '/buyer/order_cancel_save.htm*'), ('673', '2015-02-26 15:00:13', b'0', null, '收货确认保存', '0', 'URL', '/buyer/order_cofirm_save.htm*'), ('674', '2015-02-26 15:00:13', b'0', null, '买家评价', '0', 'URL', '/buyer/order_evaluate.htm*'), ('675', '2015-02-26 15:00:13', b'0', null, '买家评价保存', '0', 'URL', '/buyer/order_evaluate_save.htm*'), ('676', '2015-02-26 15:00:13', b'0', null, '买家物流详情', '0', 'URL', '/buyer/ship_view.htm*'), ('677', '2015-02-26 15:00:14', b'0', null, '虚拟商品信息', '0', 'URL', '/buyer/order_seller_intro.htm*'), ('678', '2015-02-26 15:00:14', b'0', null, '买家退货申请', '0', 'URL', '/buyer/order_return_apply.htm*'), ('679', '2015-02-26 15:00:14', b'0', null, '买家退货申请保存', '0', 'URL', '/buyer/order_return_apply_save.htm*'), ('680', '2015-02-26 15:00:14', b'0', null, '买家退货物流信息', '0', 'URL', '/buyer/order_return_ship.htm*'), ('681', '2015-02-26 15:00:14', b'0', null, '买家退货物流信息保存', '0', 'URL', '/buyer/order_return_ship_save.htm*'), ('682', '2015-02-26 15:00:14', b'0', null, '订单取消', '0', 'URL', '/buyer/order_cancel.htm*'), ('683', '2015-02-26 15:00:14', b'0', null, '收货确认', '0', 'URL', '/buyer/order_cofirm.htm*'), ('684', '2015-02-26 15:00:14', b'0', null, '删除订单信息', '0', 'URL', '/buyer/order_delete.htm*'), ('685', '2015-02-26 15:00:14', b'0', null, '物流跟踪查询', '0', 'URL', '/buyer/query_ship.htm*'), ('686', '2015-02-26 15:00:14', b'0', null, '买家咨询列表', '0', 'URL', '/buyer/consult.htm*'), ('687', '2015-02-26 15:00:15', b'0', null, '会员充值', '0', 'URL', '/buyer/predeposit.htm*'), ('688', '2015-02-26 15:00:15', b'0', null, '会员充值支付', '0', 'URL', '/buyer/predeposit_pay.htm*'), ('689', '2015-02-26 15:00:15', b'0', null, '会员收入明细', '0', 'URL', '/buyer/predeposit_log.htm*'), ('690', '2015-02-26 15:00:15', b'0', null, '会员充值列表', '0', 'URL', '/buyer/predeposit_list.htm*'), ('691', '2015-02-26 15:00:15', b'0', null, '会员充值详情', '0', 'URL', '/buyer/predeposit_view.htm*'), ('692', '2015-02-26 15:00:15', b'0', null, '会员充值保存', '0', 'URL', '/buyer/predeposit_save.htm*'), ('693', '2015-02-26 15:00:15', b'0', null, '提现管理保存', '0', 'URL', '/buyer/buyer_cash_save.htm*'), ('694', '2015-02-26 15:00:15', b'0', null, '提现管理', '0', 'URL', '/buyer/buyer_cash_list.htm*'), ('695', '2015-02-26 15:00:15', b'0', null, '会员提现详情', '0', 'URL', '/buyer/buyer_cash_view.htm*'), ('696', '2015-02-26 15:00:15', b'0', null, '提现管理', '0', 'URL', '/buyer/buyer_cash.htm*'), ('697', '2015-02-26 15:00:16', b'0', null, '投诉图片', '0', 'URL', '/buyer/complaint_img.htm*'), ('698', '2015-02-26 15:00:16', b'0', null, '买家查看投诉详情', '0', 'URL', '/buyer/complaint_view.htm*'), ('699', '2015-02-26 15:00:16', b'0', null, '发布投诉对话', '0', 'URL', '/buyer/complaint_talk.htm*'), ('700', '2015-02-26 15:00:16', b'0', null, '买家投诉发起', '0', 'URL', '/buyer/complaint_handle.htm*'), ('701', '2015-02-26 15:00:16', b'0', null, '买家投诉列表', '0', 'URL', '/buyer/complaint_save.htm*'), ('702', '2015-02-26 15:00:16', b'0', null, '买家取消投诉', '0', 'URL', '/buyer/complaint_cancel.htm*'), ('703', '2015-02-26 15:00:16', b'0', null, '申诉提交仲裁', '0', 'URL', '/buyer/complaint_arbitrate.htm*'), ('704', '2015-02-26 15:00:16', b'0', null, '买家投诉列表', '0', 'URL', '/buyer/complaint.htm*'), ('705', '2015-02-26 15:00:16', b'0', null, '积分兑换第一步', '0', 'URL', '/integral_exchange1.htm*'), ('706', '2015-02-26 15:00:16', b'0', null, '积分兑换第二步', '0', 'URL', '/integral_exchange2.htm*'), ('707', '2015-02-26 15:00:17', b'0', null, '积分兑换第三步', '0', 'URL', '/integral_exchange3.htm*'), ('708', '2015-02-26 15:00:17', b'0', null, '积分订单支付', '0', 'URL', '/integral_order_pay.htm*'), ('709', '2015-02-26 15:00:17', b'0', null, '订单线下支付', '0', 'URL', '/integral_order_pay_outline.htm*'), ('710', '2015-02-26 15:00:17', b'0', null, '订单预付款支付', '0', 'URL', '/integral_order_pay_balance.htm*'), ('711', '2015-02-26 15:00:17', b'0', null, '积分订单支付结果', '0', 'URL', '/integral_order_finish.htm*'), ('712', '2015-02-26 15:00:17', b'0', null, '订单支付详情', '0', 'URL', '/integral_order_pay_view.htm*'), ('713', '2015-02-26 15:00:17', b'0', null, '买家订单列表', '0', 'URL', '/buyer/integral_order_list.htm*'), ('714', '2015-02-26 15:00:17', b'0', null, '确认收货', '0', 'URL', '/buyer/integral_order_cofirm.htm*'), ('715', '2015-02-26 15:00:17', b'0', null, '确认收货保存', '0', 'URL', '/buyer/integral_order_cofirm_save.htm*'), ('716', '2015-02-26 15:00:18', b'0', null, '积分订单详情', '0', 'URL', '/buyer/integral_order_view.htm*'), ('717', '2015-02-26 15:00:18', b'0', null, '取消订单', '0', 'URL', '/buyer/integral_order_cancel.htm*'), ('718', '2015-02-26 15:00:18', b'0', null, '个人主页删除动态', '0', 'URL', '/buyer/homepage_dynamic_del.htm*'), ('719', '2015-02-26 15:00:18', b'0', null, '个人主页新鲜事加密', '0', 'URL', '/buyer/homepage_dynamic_lock.htm*'), ('720', '2015-02-26 15:00:18', b'0', null, '个人主页添加关注', '0', 'URL', '/buyer/homepage_add_attention.htm*'), ('721', '2015-02-26 15:00:18', b'0', null, '个人主页添加关注', '0', 'URL', '/buyer/homepage_remove_attention.htm*'), ('722', '2015-02-26 15:00:18', b'0', null, '好友列表', '0', 'URL', '/buyer/homepage/myfriends.htm*'), ('723', '2015-02-26 15:00:18', b'0', null, '关注列表', '0', 'URL', '/buyer/homepage/myattention.htm*'), ('724', '2015-02-26 15:00:19', b'0', null, '关注列表', '0', 'URL', '/buyer/homepage/myfans.htm*'), ('725', '2015-02-26 15:00:19', b'0', null, '最近访客', '0', 'URL', '/buyer/homepage_visit.htm*'), ('726', '2015-02-26 15:00:19', b'0', null, '删除访客ajax', '0', 'URL', '/buyer/homepage_visit_dele.htm*'), ('727', '2015-02-26 15:00:19', b'0', null, '查询已经购买宝贝和已经收藏宝贝', '0', 'URL', '/buyer/homepage_query_goods.htm*'), ('728', '2015-02-26 15:00:19', b'0', null, '查询已经收藏店铺', '0', 'URL', '/buyer/homepage_query_stores.htm*'), ('729', '2015-02-26 15:00:19', b'0', null, '查询已关注店铺ajax分页', '0', 'URL', '/buyer/homepage_query_stores_ajax.htm*'), ('730', '2015-02-26 15:00:19', b'0', null, '个人主页添加关注', '0', 'URL', '/buyer/homepage_goods_url_add.htm*'), ('731', '2015-02-26 15:00:20', b'0', null, '查询收藏宝贝ajax分页', '0', 'URL', '/buyer/homepage_query_goods_favorite_ajax.htm*'), ('732', '2015-02-26 15:00:20', b'0', null, '查询已经购买宝贝ajax分页', '0', 'URL', '/buyer/homepage_query_goods_order_ajax.htm*'), ('733', '2015-02-26 15:00:20', b'0', null, '个人主页', '0', 'URL', '/buyer/homepage.htm*'), ('734', '2015-02-26 15:00:20', b'0', null, '个人主页头部', '0', 'URL', '/buyer/homepage_head.htm*'), ('735', '2015-02-26 15:00:20', b'0', null, '买家优惠券列表', '0', 'URL', '/buyer/coupon.htm*'), ('736', '2015-02-26 15:00:20', b'0', null, '微信用户惠券列表', '0', 'URL', '/weixin/buyer/coupon.htm*'), ('737', '2015-02-26 15:00:21', b'0', null, '用户中心', '0', 'URL', '/weixin/buyer/account.htm*'), ('738', '2015-02-26 15:00:21', b'0', null, '微信用户我的收藏', '0', 'URL', '/weixin/buyer/favorite_goods.htm*'), ('739', '2015-02-26 15:00:21', b'0', null, '微信用户我的收藏', '0', 'URL', '/weixin/buyer/favorite_goods_ajax.htm*'), ('740', '2015-02-26 15:00:21', b'0', null, '微信用户惠券列表ajax加载', '0', 'URL', '/weixin/buyer/coupon_ajax.htm*'), ('741', '2015-02-26 15:00:21', b'0', null, '微信用户收货地址', '0', 'URL', '/weixin/buyer/address.htm*'), ('742', '2015-02-26 15:00:21', b'0', null, '收货地址添加', '0', 'URL', '/weixin/buyer/address_add.htm*'), ('743', '2015-02-26 15:00:21', b'0', null, '收货地址编辑', '0', 'URL', '/weixin/buyer/address_edit.htm*'), ('744', '2015-02-26 15:00:21', b'0', null, '收货地址保存', '0', 'URL', '/weixin/buyer/address_save.htm*'), ('745', '2015-02-26 15:00:21', b'0', null, '收货地址删除', '0', 'URL', '/weixin/buyer/address_del.htm*'), ('746', '2015-02-26 15:00:22', b'0', null, '订单列表', '0', 'URL', '/weixin/buyer/order.htm*'), ('747', '2015-02-26 15:00:22', b'0', null, '订单列表ajax加载', '0', 'URL', '/weixin/buyer/order_ajax.htm*'), ('748', '2015-02-26 15:00:22', b'0', null, '订单详情', '0', 'URL', '/weixin/buyer/order_view.htm*'), ('749', '2015-02-26 15:00:22', b'0', null, '订单取消', '0', 'URL', '/weixin/buyer/order_cancel.htm*'), ('750', '2015-02-26 15:00:22', b'0', null, '订单取消', '0', 'URL', '/weixin/buyer/order_cancel_save.htm*'), ('751', '2015-02-26 15:00:22', b'0', null, '收货确认保存', '0', 'URL', '/weixin/buyer/order_cofirm_save.htm*'), ('752', '2015-02-26 15:00:22', b'0', null, '买家评价', '0', 'URL', '/weixin/buyer/order_evaluate.htm*'), ('753', '2015-02-26 15:00:22', b'0', null, '买家评价保存', '0', 'URL', '/weixin/buyer/order_evaluate_save.htm*'), ('754', '2015-02-26 15:00:22', b'0', null, '订单列表', '0', 'URL', '/weixin/buyer/ship_view.htm*'), ('755', '2015-02-26 15:00:22', b'0', null, '订单支付详情', '0', 'URL', '/order_pay_view.htm*'), ('756', '2015-02-26 15:00:23', b'0', null, '订单线下支付', '0', 'URL', '/order_pay_outline.htm*'), ('757', '2015-02-26 15:00:23', b'0', null, '订单货到付款', '0', 'URL', '/order_pay_payafter.htm*'), ('758', '2015-02-26 15:00:23', b'0', null, '订单预付款支付', '0', 'URL', '/order_pay_balance.htm*'), ('759', '2015-02-26 15:00:23', b'0', null, '购物车中收货地址保存', '0', 'URL', '/cart_address_save.htm*'), ('760', '2015-02-26 15:00:23', b'0', null, '订单支付结果', '0', 'URL', '/order_finish.htm*'), ('761', '2015-02-26 15:00:23', b'0', null, '订单支付', '0', 'URL', '/order_pay.htm*'), ('762', '2015-02-26 15:00:23', b'0', null, '查看购物车', '0', 'URL', '/goods_cart1.htm*');
INSERT INTO `gs_res` VALUES ('763', '2015-02-26 15:00:23', b'0', null, '确认购物车填写地址', '0', 'URL', '/goods_cart2.htm*'), ('764', '2015-02-26 15:00:23', b'0', null, '完成订单提交进入支付', '0', 'URL', '/goods_cart3.htm*'), ('765', '2015-02-26 15:00:23', b'0', null, '地址新增', '0', 'URL', '/cart_address.htm*'), ('766', '2015-02-26 15:00:24', b'0', null, '地址切换', '0', 'URL', '/order_address.htm*'), ('767', '2015-02-26 15:00:24', b'0', null, '购物车中收货地址保存', '0', 'URL', '/weixin/cart_address_save.htm*'), ('768', '2015-02-26 15:00:24', b'0', null, '查看购物车', '0', 'URL', '/weixin/goods_cart1.htm*'), ('769', '2015-02-26 15:00:24', b'0', null, '确认购物车填写地址', '0', 'URL', '/weixin/goods_cart2.htm*'), ('770', '2015-02-26 15:00:24', b'0', null, '完成订单提交进入支付', '0', 'URL', '/weixin/goods_cart3.htm*'), ('771', '2015-02-26 15:00:24', b'0', null, '订单支付详情', '0', 'URL', '/weixin/order_pay_view.htm*'), ('772', '2015-02-26 15:00:24', b'0', null, '订单支付', '0', 'URL', '/weixin/order_pay.htm*'), ('773', '2015-02-26 15:00:24', b'0', null, '订单线下支付', '0', 'URL', '/weixin/order_pay_outline.htm*'), ('774', '2015-02-26 15:00:24', b'0', null, '订单预付款支付', '0', 'URL', '/weixin/order_pay_balance.htm*'), ('775', '2015-02-26 15:00:25', b'0', null, '订单货到付款', '0', 'URL', '/weixin/order_pay_payafter.htm*'), ('776', '2015-02-26 15:00:25', b'0', null, '订单支付结果', '0', 'URL', '/weixin/order_finish.htm*'), ('777', '2015-02-26 15:00:25', b'0', null, '地址新增', '0', 'URL', '/weixin/cart_address.htm*'), ('778', '2015-02-26 15:00:25', b'0', null, '地址切换', '0', 'URL', '/weixin/order_address.htm*');
COMMIT;

-- ----------------------------
--  Table structure for `gs_role`
-- ----------------------------
DROP TABLE IF EXISTS `gs_role`;
CREATE TABLE `gs_role` (
  `id` bigint(20) NOT NULL,
  `name` varchar(255) DEFAULT NULL,
  `alias` varchar(255) DEFAULT NULL,
  `enable` int(1) DEFAULT NULL,
  `type` int(1) DEFAULT NULL,
  PRIMARY KEY (`id`)
) ENGINE=InnoDB DEFAULT CHARSET=utf8;

-- ----------------------------
--  Records of `gs_role`
-- ----------------------------
BEGIN;
INSERT INTO `gs_role` VALUES ('1', 'user', '用户', '1', '1'), ('2', 'admin', '管理员', '1', '1'), ('3', 'seller', '卖家', '1', '1'), ('4', 'buyer', '买家', '1', '1');
COMMIT;

-- ----------------------------
--  Table structure for `gs_role_permission`
-- ----------------------------
DROP TABLE IF EXISTS `gs_role_permission`;
CREATE TABLE `gs_role_permission` (
  `per_id` bigint(20) DEFAULT NULL,
  `r_id` bigint(20) DEFAULT NULL
) ENGINE=InnoDB DEFAULT CHARSET=utf8;

-- ----------------------------
--  Records of `gs_role_permission`
-- ----------------------------
BEGIN;
INSERT INTO `gs_role_permission` VALUES ('68', '3'), ('69', '3'), ('70', '3'), ('71', '3'), ('72', '3'), ('73', '3'), ('74', '3'), ('75', '3'), ('76', '3'), ('77', '3'), ('78', '3'), ('79', '3'), ('80', '3'), ('81', '3'), ('82', '3'), ('83', '3'), ('84', '3'), ('85', '3'), ('86', '3'), ('87', '3'), ('88', '3'), ('89', '3'), ('90', '3'), ('91', '3'), ('92', '3'), ('93', '3'), ('94', '3'), ('95', '3'), ('96', '3'), ('97', '3'), ('98', '3'), ('99', '3'), ('100', '3'), ('101', '3'), ('102', '3'), ('103', '3'), ('104', '3'), ('1', '2'), ('2', '2'), ('3', '2'), ('4', '2'), ('5', '2'), ('6', '2'), ('7', '2'), ('8', '2'), ('9', '2'), ('10', '2'), ('11', '2'), ('12', '2'), ('13', '2'), ('14', '2'), ('15', '2'), ('16', '2'), ('17', '2'), ('18', '2'), ('19', '2'), ('20', '2'), ('21', '2'), ('22', '2'), ('23', '2'), ('24', '2'), ('25', '2'), ('26', '2'), ('27', '2'), ('28', '2'), ('29', '2'), ('30', '2'), ('31', '2'), ('32', '2'), ('33', '2'), ('34', '2'), ('35', '2'), ('36', '2'), ('37', '2'), ('38', '2'), ('39', '2'), ('40', '2'), ('41', '2'), ('42', '2'), ('43', '2'), ('44', '2'), ('45', '2'), ('46', '2'), ('47', '2'), ('48', '2'), ('49', '2'), ('50', '2'), ('51', '2'), ('52', '2'), ('53', '2'), ('54', '2'), ('55', '2'), ('56', '2'), ('57', '2'), ('58', '2'), ('59', '2'), ('60', '2'), ('61', '2'), ('62', '2'), ('63', '2'), ('64', '2'), ('65', '2'), ('66', '2'), ('67', '2');
COMMIT;

-- ----------------------------
--  Table structure for `gs_user`
-- ----------------------------
DROP TABLE IF EXISTS `gs_user`;
CREATE TABLE `gs_user` (
  `id` bigint(20) NOT NULL AUTO_INCREMENT,
  `user_name` varchar(255) DEFAULT NULL COMMENT '用户中文名',
  `login_name` varchar(255) NOT NULL COMMENT '用户登陆名',
  `password` varchar(255) NOT NULL COMMENT '密码',
  `salt` varchar(255) DEFAULT NULL COMMENT '盐值',
  `enable` int(1) DEFAULT NULL COMMENT '是否启用',
  `type` int(1) DEFAULT NULL COMMENT '用户类型(1:注册用户，2：管理员添加)',
  `created` timestamp NULL DEFAULT NULL COMMENT '创建日期',
  `upcreated` timestamp NULL DEFAULT NULL COMMENT '更新日期',
  `login_num` int(11) DEFAULT '1' COMMENT '登录次数',
  `login_time` timestamp NULL DEFAULT NULL COMMENT '当前登录时间',
  `old_login_time` timestamp NULL DEFAULT NULL COMMENT '上次登录时间',
  `login_ip` varchar(20) DEFAULT NULL COMMENT '当前登录ip',
  `old_login_ip` varchar(20) DEFAULT NULL COMMENT '上次登录ip',
  `parent_id` bigint(20) DEFAULT NULL COMMENT '父账号id 表gs_user主键',
  PRIMARY KEY (`id`)
) ENGINE=InnoDB AUTO_INCREMENT=66 DEFAULT CHARSET=utf8;

-- ----------------------------
--  Records of `gs_user`
-- ----------------------------
BEGIN;
INSERT INTO `gs_user` VALUES ('46', '', 'bbbb', 'afd1a9e33f2fac1049b9bb97a446bec8', 'aTt31', null, null, null, null, '53', '2017-12-14 22:48:19', '2017-12-14 19:43:07', '0:0:0:0:0:0:0:1', '0:0:0:0:0:0:0:1', null), ('61', null, 'wwww', '7ed869b063b1e2e860bc83ae0c2d3e92', 'n6NvJ', null, null, null, null, '11', '2017-11-08 02:18:27', '2017-11-08 01:31:02', '0:0:0:0:0:0:0:1', '0:0:0:0:0:0:0:1', null), ('62', '管理员', 'admin', 'afd1a9e33f2fac1049b9bb97a446bec8', 'aTt31', null, null, null, null, '35', '2017-11-15 22:03:37', '2017-11-15 17:03:01', '0:0:0:0:0:0:0:1', '0:0:0:0:0:0:0:1', null), ('63', null, 'cccc', '2e2fb9bb2bed622648ece0a9153a9035', 'GVZZL', '1', '1', '2017-11-08 18:15:18', '2017-11-08 18:15:18', '34', '2017-12-14 19:42:54', '2017-12-13 19:37:08', '0:0:0:0:0:0:0:1', '0:0:0:0:0:0:0:1', null), ('65', null, 'dddd', 'f2acbde465657ea6766f334fcaeb9c08', '1NFBp', '1', '1', '2017-11-16 13:31:16', '2017-11-16 13:31:16', '130', '2017-12-19 20:22:52', '2017-12-19 17:04:51', '0:0:0:0:0:0:0:1', '0:0:0:0:0:0:0:1', null);
COMMIT;

-- ----------------------------
--  Table structure for `gs_user_ban_perm`
-- ----------------------------
DROP TABLE IF EXISTS `gs_user_ban_perm`;
CREATE TABLE `gs_user_ban_perm` (
  `u_id` bigint(20) DEFAULT NULL COMMENT 'gs_user表主键',
  `permission_id` bigint(20) DEFAULT NULL COMMENT 'gs_permission表主键'
) ENGINE=InnoDB DEFAULT CHARSET=utf8 COMMENT='用户禁用的权限';

-- ----------------------------
--  Table structure for `gs_user_role`
-- ----------------------------
DROP TABLE IF EXISTS `gs_user_role`;
CREATE TABLE `gs_user_role` (
  `r_id` bigint(20) NOT NULL,
  `u_id` bigint(20) NOT NULL
) ENGINE=InnoDB DEFAULT CHARSET=utf8;

-- ----------------------------
--  Records of `gs_user_role`
-- ----------------------------
BEGIN;
INSERT INTO `gs_user_role` VALUES ('2', '0'), ('3', '61'), ('1', '0'), ('2', '62'), ('3', '65'), ('3', '46');
COMMIT;

SET FOREIGN_KEY_CHECKS = 1;
